{"name":"65ca7270-87e1-4cb6-ae65-cb97c2067f26","id":"/providers/Microsoft.Flow/flows/65ca7270-87e1-4cb6-ae65-cb97c2067f26","type":"Microsoft.Flow/flows","properties":{"apiId":"/providers/Microsoft.PowerApps/apis/shared_logicflows","displayName":"メンバー全員のプランを作成","definition":{"metadata":{"workflowEntityId":null,"processAdvisorMetadata":null,"flowclientsuspensionreason":"None","flowclientsuspensiontime":null,"flowclientsuspensionreasondetails":null,"creator":{"id":"0f195880-2ade-44be-8e99-006ca1aa5155","type":"User","tenantId":"b794cd83-44cc-447c-856e-a27e55624c65"},"provisioningMethod":"FromDefinition","failureAlertSubscription":true,"clientLastModifiedTime":"2022-08-05T16:31:09.7478224Z"},"$schema":"https://schema.management.azure.com/providers/Microsoft.Logic/schemas/2016-06-01/workflowdefinition.json#","contentVersion":"1.0.0.0","parameters":{"$connections":{"defaultValue":{},"type":"Object"},"$authentication":{"defaultValue":{},"type":"SecureObject"}},"triggers":{"manual":{"metadata":{"operationMetadataId":"ce55999d-8ae7-492f-91b9-8c217da1cb36"},"type":"Request","kind":"Button","inputs":{"schema":{"type":"object","properties":{},"required":[]},"headersSchema":{"x-ms-user-timestamp":{"title":"タイムスタンプ","type":"string","x-ms-dynamically-added":false}}}}},"actions":{"グループ_メンバーの一覧表示":{"runAfter":{"変数を初期化する":["Succeeded"]},"metadata":{"operationMetadataId":"8531f85e-3374-4b85-ab31-752df679878a"},"type":"OpenApiConnection","inputs":{"host":{"apiId":"/providers/Microsoft.PowerApps/apis/shared_office365groups","connectionName":"shared_office365groups","operationId":"ListGroupMembers"},"parameters":{"groupId":"d0ed26b4-35ce-4c0c-8232-0956f5b53a6b"},"authentication":{"value":"@json(decodeBase64(triggerOutputs().headers['X-MS-APIM-Tokens']))['$ConnectionKey']","type":"Raw"}}},"Apply_to_each":{"foreach":"@outputs('グループ_メンバーの一覧表示')?['body/value']","actions":{"ユーザー_プロフィールの取得_(V2)":{"runAfter":{},"metadata":{"operationMetadataId":"a5481b3e-0222-4364-87ce-5690bd87daee"},"type":"OpenApiConnection","inputs":{"host":{"apiId":"/providers/Microsoft.PowerApps/apis/shared_office365users","connectionName":"shared_office365users","operationId":"UserProfile_V2"},"parameters":{"id":"@items('Apply_to_each')?['id']"},"authentication":{"value":"@json(decodeBase64(triggerOutputs().headers['X-MS-APIM-Tokens']))['$ConnectionKey']","type":"Raw"}}},"HTTP_要求を送信します":{"runAfter":{"ユーザー_プロフィールの取得_(V2)":["Succeeded"]},"metadata":{"operationMetadataId":"2f1e5398-f075-497c-836f-a58f009fa27e"},"type":"OpenApiConnection","inputs":{"host":{"apiId":"/providers/Microsoft.PowerApps/apis/shared_office365groups","connectionName":"shared_office365groups","operationId":"HttpRequest"},"parameters":{"Uri":"https://graph.microsoft.com/v1.0/planner/plans","Method":"POST","Body":"{\n  \"owner\": \"@{outputs('作成_-GroupID-')}\",\n  \"title\": \"@{outputs('ユーザー_プロフィールの取得_(V2)')?['body/displayName']}のプラン\"\n}","ContentType":"application/json"},"authentication":{"value":"@json(decodeBase64(triggerOutputs().headers['X-MS-APIM-Tokens']))['$ConnectionKey']","type":"Raw"}}},"作成":{"runAfter":{"バケットを作成する":["Succeeded"]},"metadata":{"operationMetadataId":"05467433-3541-4267-a09c-daa5691dea94"},"type":"Compose","inputs":"{//@{body('HTTP_要求を送信します')?['title']}\n        UId:\"@{outputs('ユーザー_プロフィールの取得_(V2)')?['body/id']}\",\n        name:Office365ユーザー.UserProfileV2(\"@{outputs('ユーザー_プロフィールの取得_(V2)')?['body/id']}\").givenName,\n        bucketId:\"@{outputs('バケットを作成する')?['body/id']}\",\n        planId:\"@{body('HTTP_要求を送信します')?['id']}\",\n        groupId:\"@{outputs('作成_-GroupID-')}\"\n},"},"配列変数に追加":{"runAfter":{"作成":["Succeeded"]},"metadata":{"operationMetadataId":"d9a3a780-05d4-405f-8872-0e5324eacd77"},"type":"AppendToArrayVariable","inputs":{"name":"arr","value":"@outputs('作成')"}},"バケットを作成する":{"runAfter":{"HTTP_要求を送信します":["Succeeded"]},"metadata":{"operationMetadataId":"333353c7-81bd-4a2d-951d-ee1114f59986"},"type":"OpenApiConnection","inputs":{"host":{"apiId":"/providers/Microsoft.PowerApps/apis/shared_planner","connectionName":"shared_planner","operationId":"CreateBucket_V2"},"parameters":{"body/name":"App","body/groupId":"@outputs('作成_-GroupID-')","body/planId":"@body('HTTP_要求を送信します')?['id']"},"authentication":{"value":"@json(decodeBase64(triggerOutputs().headers['X-MS-APIM-Tokens']))['$ConnectionKey']","type":"Raw"}}}},"runAfter":{"作成_-GroupID-":["Succeeded"]},"metadata":{"operationMetadataId":"ca80fa56-8157-430d-a685-4d5081e1e13e"},"type":"Foreach","runtimeConfiguration":{"concurrency":{"repetitions":20}}},"作成_-GroupID-":{"runAfter":{"グループ_メンバーの一覧表示":["Succeeded"]},"metadata":{"operationMetadataId":"9f165674-1815-4a24-a02d-6ccbcc024e39"},"type":"Compose","inputs":"@actions('グループ_メンバーの一覧表示')?['inputs/parameters/groupId']","description":"actions('グループ_メンバーの一覧表示')?['inputs/parameters/groupId']"},"変数を初期化する":{"runAfter":{},"metadata":{"operationMetadataId":"0a9fca85-852f-4988-b463-6a4b71cec5f4"},"type":"InitializeVariable","inputs":{"variables":[{"name":"arr","type":"array","value":[]}]}},"作成_-Output-":{"runAfter":{"作成_-配列の結合-":["Succeeded"]},"metadata":{"operationMetadataId":"ac869e21-4c0f-42e0-8be4-e893f51ad108"},"type":"Compose","inputs":"ClearCollect(_PlanID,\n@{substring(outputs('作成_-配列の結合-'),0,sub(length(outputs('作成_-配列の結合-')),1))}\n);","description":"substring(outputs('作成_-配列の結合-'),0,sub(length(outputs('作成_-配列の結合-')),1))"},"作成_-配列の結合-":{"runAfter":{"Apply_to_each":["Succeeded"]},"metadata":{"operationMetadataId":"7ee8ee80-1202-4c99-8399-8f72caaa00ef"},"type":"Compose","inputs":"@join(variables('arr'),decodeUriComponent('%0A'))","description":"join(variables('arr'),decodeUriComponent('%0A'))"}}},"connectionReferences":{"shared_office365groups":{"connectionName":"ed525632a97e4544a6f1d8a52b17d177","source":"Invoker","id":"/providers/Microsoft.PowerApps/apis/shared_office365groups","tier":"NotSpecified"},"shared_office365users":{"connectionName":"0362f4c3a0324647b8158c189b872a92","source":"Invoker","id":"/providers/Microsoft.PowerApps/apis/shared_office365users","tier":"NotSpecified"},"shared_planner":{"connectionName":"shared-planner-7a0399e2-7b66-45cf-ad98-d1df6e45d2a3","source":"Invoker","id":"/providers/Microsoft.PowerApps/apis/shared_planner","tier":"NotSpecified"}},"flowFailureAlertSubscribed":false,"isManaged":false}}