{"name":"0eec3686-58ea-45f0-834c-4078dec3cf7d","id":"/providers/Microsoft.Flow/flows/0eec3686-58ea-45f0-834c-4078dec3cf7d","type":"Microsoft.Flow/flows","properties":{"apiId":"/providers/Microsoft.PowerApps/apis/shared_logicflows","displayName":"ハイタッチを投げ返すフロー","definition":{"metadata":{"workflowEntityId":null,"processAdvisorMetadata":null,"flowChargedByPaygo":null,"flowclientsuspensionreason":"None","flowclientsuspensiontime":null,"flowclientsuspensionreasondetails":null,"creator":{"id":"0f195880-2ade-44be-8e99-006ca1aa5155","type":"User","tenantId":"b794cd83-44cc-447c-856e-a27e55624c65"},"provisioningMethod":"FromDefinition","failureAlertSubscription":true,"clientLastModifiedTime":"2023-04-21T15:26:23.3104685Z"},"$schema":"https://schema.management.azure.com/providers/Microsoft.Logic/schemas/2016-06-01/workflowdefinition.json#","contentVersion":"1.0.0.0","parameters":{"$connections":{"defaultValue":{},"type":"Object"},"$authentication":{"defaultValue":{},"type":"SecureObject"}},"triggers":{"チャットに新しいメッセージが追加されたとき":{"metadata":{"operationMetadataId":"a5a66c56-c8f0-43f7-9be1-2a1d6a1aba16"},"type":"OpenApiConnectionWebhook","inputs":{"host":{"apiId":"/providers/Microsoft.PowerApps/apis/shared_teams","connectionName":"shared_teams","operationId":"WebhookChatMessageTrigger"},"parameters":{},"authentication":"@parameters('$authentication')"}}},"actions":{"Apply_to_each":{"foreach":"@triggerOutputs()?['body/value']","actions":{"メッセージ詳細を取得する":{"runAfter":{},"metadata":{"operationMetadataId":"ffde560e-0f3b-4185-a7e2-d6a2de977654"},"type":"OpenApiConnection","inputs":{"host":{"apiId":"/providers/Microsoft.PowerApps/apis/shared_teams","connectionName":"shared_teams","operationId":"GetMessageDetails"},"parameters":{"messageId":"@items('Apply_to_each')?['messageId']","threadType":"groupchat","body/recipient":"@items('Apply_to_each')?['conversationId']"},"authentication":"@parameters('$authentication')"}},"条件":{"actions":{"チャットまたはチャネルでメッセージを投稿する":{"runAfter":{},"metadata":{"operationMetadataId":"f38d2bb2-7a53-4796-a2df-8245e27d3993"},"type":"OpenApiConnection","inputs":{"host":{"apiId":"/providers/Microsoft.PowerApps/apis/shared_teams","connectionName":"shared_teams","operationId":"PostMessageToConversation"},"parameters":{"poster":"User","location":"Group chat","body/recipient":"@items('Apply_to_each')?['conversationId']","body/messageBody":"<p>@{variables('highfive')}</p>"},"authentication":"@parameters('$authentication')"}}},"runAfter":{"メッセージ詳細を取得する":["Succeeded"]},"expression":{"and":[{"equals":["@outputs('メッセージ詳細を取得する')?['body/body/content']","@variables('highfive')"]},{"not":{"equals":["@outputs('メッセージ詳細を取得する')?['body/from/user/id']","@outputs('マイ_プロフィールの取得_(V2)')?['body/id']"]}}]},"metadata":{"operationMetadataId":"fdd9af55-d3d5-41a0-b59f-76f95b4b21d8"},"type":"If"}},"runAfter":{"マイ_プロフィールの取得_(V2)":["Succeeded"]},"metadata":{"operationMetadataId":"14f6d180-3845-480a-badf-5cd2278b5e93"},"type":"Foreach"},"変数を初期化する":{"runAfter":{},"metadata":{"operationMetadataId":"e60fc2d7-2d8c-4dbe-a8c6-e486202f0e94"},"type":"InitializeVariable","inputs":{"variables":[{"name":"highfive","type":"string","value":"<p><span title=\"ハイタッチ\" type=\"(highfive)\" class=\"animated-emoticon-50-highfive\"><img itemscope=\"\" itemtype=\"http://schema.skype.com/Emoji\" itemid=\"highfive\" src=\"https://statics.teams.cdn.office.net/evergreen-assets/personal-expressions/v2/assets/emoticons/highfive/default/50_f.png\" title=\"ハイタッチ\" alt=\"✋\" style=\"width:50px; height:50px\"></span></p>"}]}},"マイ_プロフィールの取得_(V2)":{"runAfter":{"変数を初期化する":["Succeeded"]},"metadata":{"operationMetadataId":"f341966e-5eb3-48d5-b1c6-22a9c9ed4d6b"},"type":"OpenApiConnection","inputs":{"host":{"apiId":"/providers/Microsoft.PowerApps/apis/shared_office365users","connectionName":"shared_office365users","operationId":"MyProfile_V2"},"parameters":{},"authentication":"@parameters('$authentication')"}}},"outputs":{}},"connectionReferences":{"shared_teams":{"connectionName":"shared-teams-7b00b20f-d055-41d0-84f7-90746229e16d","source":"Embedded","id":"/providers/Microsoft.PowerApps/apis/shared_teams","tier":"NotSpecified"},"shared_office365users":{"connectionName":"0362f4c3a0324647b8158c189b872a92","source":"Embedded","id":"/providers/Microsoft.PowerApps/apis/shared_office365users","tier":"NotSpecified"}},"flowFailureAlertSubscribed":false,"isManaged":false}}