{"name":"b2f9cde2-2e09-4483-91a6-fed5d7db87c0","id":"/providers/Microsoft.Flow/flows/b2f9cde2-2e09-4483-91a6-fed5d7db87c0","type":"Microsoft.Flow/flows","properties":{"apiId":"/providers/Microsoft.PowerApps/apis/shared_logicflows","displayName":"👆添付ファイルの一括保存","definition":{"metadata":{"workflowEntityId":null,"processAdvisorMetadata":null,"flowclientsuspensionreason":"None","flowclientsuspensiontime":null,"flowclientsuspensionreasondetails":null,"creator":{"id":"0f195880-2ade-44be-8e99-006ca1aa5155","type":"User","tenantId":"b794cd83-44cc-447c-856e-a27e55624c65"},"provisioningMethod":"FromDefinition","failureAlertSubscription":true,"clientLastModifiedTime":"2023-02-26T13:05:28.3409881Z"},"$schema":"https://schema.management.azure.com/providers/Microsoft.Logic/schemas/2016-06-01/workflowdefinition.json#","contentVersion":"1.0.0.0","parameters":{"$connections":{"defaultValue":{},"type":"Object"},"$authentication":{"defaultValue":{},"type":"SecureObject"}},"triggers":{"manual":{"metadata":{"operationMetadataId":"3dfddf33-b7ce-4880-bfba-644df80171ef","flowSystemMetadata":{"swaggerOperationId":"ForASelectedMessageV2","taskModuleWidth":null,"taskModuleHeight":null,"inputsAdaptiveCard":"{}"}},"type":"Request","kind":"ApiConnection","inputs":{"schema":{"type":"object","properties":{"teamsFlowRunContext":{"type":"object","properties":{"messagePayload":{"type":"object","properties":{"id":{"title":"メッセージ ID","type":"string"},"linkToMessage":{"title":"メッセージへのリンク","type":"string"}},"required":[]},"conversation":{"type":"object","properties":{"id":{"title":"会話 ID","type":"string"}},"required":[]}}}},"required":["teamsFlowRunContext"]},"host":{"connection":{"name":"@parameters('$connections')['shared_teams']['connectionId']"},"api":{"runtimeUrl":"https://flow-apim-unitedstates-002-westus-01.azure-apim.net/apim/teams"}},"operationId":"ForASelectedMessageV2","parameters":{"inputsAdaptiveCard":"{}"}}}},"actions":{"メッセージ詳細を取得する":{"runAfter":{},"metadata":{"operationMetadataId":"09192855-aed3-4c4e-b456-e5c728c6ce9a"},"type":"OpenApiConnection","inputs":{"host":{"apiId":"/providers/Microsoft.PowerApps/apis/shared_teams","connectionName":"shared_teams","operationId":"GetMessageDetails"},"parameters":{"messageId":"@triggerBody()?['teamsFlowRunContext']?['messagePayload']?['id']","threadType":"groupchat","body/recipient":"@triggerBody()?['teamsFlowRunContext']?['conversation']?['id']"},"authentication":{"value":"@json(decodeBase64(triggerOutputs().headers['X-MS-APIM-Tokens']))['$ConnectionKey']","type":"Raw"}}},"マイ_プロフィールの取得_(V2)":{"runAfter":{"メッセージ詳細を取得する":["Succeeded"]},"metadata":{"operationMetadataId":"360d0c12-c122-41dc-aaa2-1fde1b5bd903"},"type":"OpenApiConnection","inputs":{"host":{"apiId":"/providers/Microsoft.PowerApps/apis/shared_office365users","connectionName":"shared_office365users","operationId":"MyProfile_V2"},"parameters":{},"authentication":{"value":"@json(decodeBase64(triggerOutputs().headers['X-MS-APIM-Tokens']))['$ConnectionKey']","type":"Raw"}}},"変数を初期化する-本文-":{"runAfter":{"マイ_プロフィールの取得_(V2)":["Succeeded"]},"metadata":{"operationMetadataId":"8f88e03e-39eb-42a3-b04d-0fde2d7374be"},"type":"InitializeVariable","inputs":{"variables":[{"name":"本文","type":"string","value":"添付ファイルの一括保存を実行しました！<br>\n<a href=\"@{triggerBody()?['teamsFlowRunContext']?['messagePayload']?['linkToMessage']}\">[Link]選択したメッセージ</a>"}]}},"Apply_to_each":{"foreach":"@body('メッセージ詳細を取得する')?['attachments']","actions":{"添付ファイルのダウンロード":{"actions":{"配列変数に追加-成功-":{"runAfter":{"ファイルの作成":["Succeeded"]},"metadata":{"operationMetadataId":"b86ea6dd-aefb-4c10-ae27-e78673fff098"},"type":"AppendToArrayVariable","inputs":{"name":"成功ファイル","value":"@items('Apply_to_each')?['name']"}},"ファイルの作成":{"runAfter":{"パスによるファイル_コンテンツの取得":["Succeeded"]},"metadata":{"operationMetadataId":"8ce72171-1d93-43d4-a1d0-e07c67509bab"},"type":"OpenApiConnection","inputs":{"host":{"apiId":"/providers/Microsoft.PowerApps/apis/shared_onedriveforbusiness","connectionName":"shared_onedriveforbusiness","operationId":"CreateFile"},"parameters":{"folderPath":"@variables('フォルダ')","name":"@items('Apply_to_each')?['name']","body":"@body('パスによるファイル_コンテンツの取得')"},"authentication":{"value":"@json(decodeBase64(triggerOutputs().headers['X-MS-APIM-Tokens']))['$ConnectionKey']","type":"Raw"}},"runtimeConfiguration":{"contentTransfer":{"transferMode":"Chunked"}}},"パスによるファイル_コンテンツの取得":{"runAfter":{"作成-path-":["Succeeded"]},"metadata":{"operationMetadataId":"59af1a17-d443-444a-bcbb-855618d0653c"},"type":"OpenApiConnection","inputs":{"host":{"apiId":"/providers/Microsoft.PowerApps/apis/shared_sharepointonline","connectionName":"shared_sharepointonline","operationId":"GetFileContentByPath"},"parameters":{"dataset":"@outputs('作成-dataset-')","path":"@outputs('作成-path-')","inferContentType":true},"authentication":{"value":"@json(decodeBase64(triggerOutputs().headers['X-MS-APIM-Tokens']))['$ConnectionKey']","type":"Raw"}}},"作成-path-":{"runAfter":{"作成-dataset-":["Succeeded"]},"metadata":{"operationMetadataId":"f95e55d6-cef6-4703-9800-bc6de86913a8"},"type":"Compose","inputs":"@join(skip(outputs('作成-split-'),5),'/')"},"作成-dataset-":{"runAfter":{"作成-split-":["Succeeded"]},"metadata":{"operationMetadataId":"68a004c0-9ace-4181-904e-b1e03167c1e5"},"type":"Compose","inputs":"@join(take(outputs('作成-split-'),5),'/')"},"作成-split-":{"runAfter":{},"metadata":{"operationMetadataId":"ecbd5129-bd12-4a56-8a09-561bc277df53"},"type":"Compose","inputs":"@split(item()?['contentUrl'],'/')"}},"runAfter":{},"metadata":{"operationMetadataId":"38745b68-e2ee-4818-898c-8077d42f1278"},"type":"Scope"},"配列変数に追加-失敗-":{"runAfter":{"添付ファイルのダウンロード":["Failed"]},"metadata":{"operationMetadataId":"48f7e5d7-a464-434c-b397-7a9e99f39106"},"type":"AppendToArrayVariable","inputs":{"name":"失敗ファイル","value":"<a href=\"@{item()?['contentUrl']}\">@{items('Apply_to_each')?['name']}</a>"}}},"runAfter":{"添付ファイルあった？":["Succeeded"]},"metadata":{"operationMetadataId":"e6cfe9e2-2f7d-42cf-9078-ca2db7e25033"},"type":"Foreach","runtimeConfiguration":{"concurrency":{"repetitions":10}}},"変数を初期化する-フォルダ-":{"runAfter":{"変数を初期化する-失敗ファイル-":["Succeeded"]},"metadata":{"operationMetadataId":"b1c68de0-9915-4bda-8d37-f3844f91eed3"},"type":"InitializeVariable","inputs":{"variables":[{"name":"フォルダ","type":"string","value":"/Downloads/@{convertFromUtc(utcNow(),'Tokyo Standard Time','yyyyMMdd_hhmmss')}-ID@{triggerBody()?['teamsFlowRunContext']?['messagePayload']?['id']}"}]}},"文字列変数に追加-結果-":{"runAfter":{"作成":["Succeeded"]},"metadata":{"operationMetadataId":"cdd29d09-1f8e-4a2c-80df-a08ade4aeab7"},"type":"AppendToStringVariable","inputs":{"name":"本文","value":"<br><br>\n以下のフォルダに保存したよ！<br>\n<a href=\"https://v45dm-my.sharepoint.com/personal/@{outputs('作成')}/_layouts/15/onedrive.aspx?id=/personal/@{outputs('作成')}/Documents@{variables('フォルダ')}\">@{variables('フォルダ')}</a>\n<br><br>\nダウンロード成功：<br>\n@{join(variables('成功ファイル'),'<br>')}\n<br><br>\nダウンロード失敗：<br>\n@{join(variables('失敗ファイル'),'<br>')}\n\n"},"description":"ココはテナントに合わせて変更してください→https://v45dm-my.sharepoint.com/"},"チャットまたはチャネルでメッセージを投稿する":{"runAfter":{"文字列変数に追加-結果-":["Succeeded"]},"metadata":{"operationMetadataId":"93b875ff-d664-41e0-a5bb-74d84eb04eb5"},"type":"OpenApiConnection","inputs":{"host":{"apiId":"/providers/Microsoft.PowerApps/apis/shared_teams","connectionName":"shared_teams","operationId":"PostMessageToConversation"},"parameters":{"poster":"Flow bot","location":"Chat with Flow bot","body/recipient":"@{outputs('マイ_プロフィールの取得_(V2)')?['body/mail']};","body/messageBody":"<p>@{variables('本文')}</p>"},"authentication":{"value":"@json(decodeBase64(triggerOutputs().headers['X-MS-APIM-Tokens']))['$ConnectionKey']","type":"Raw"}}},"変数を初期化する-成功ファイル-":{"runAfter":{"変数を初期化する-本文-":["Succeeded"]},"metadata":{"operationMetadataId":"d46c644d-2439-495d-980c-3fb75ee19e88"},"type":"InitializeVariable","inputs":{"variables":[{"name":"成功ファイル","type":"array"}]}},"変数を初期化する-失敗ファイル-":{"runAfter":{"変数を初期化する-成功ファイル-":["Succeeded"]},"metadata":{"operationMetadataId":"c27669bb-94c7-4c5b-b2e7-5972099d51ca"},"type":"InitializeVariable","inputs":{"variables":[{"name":"失敗ファイル","type":"array"}]}},"添付ファイルあった？":{"actions":{"文字列変数に追加-中断-":{"runAfter":{},"metadata":{"operationMetadataId":"323911a6-b82c-4766-bea4-b6f41679abcc"},"type":"AppendToStringVariable","inputs":{"name":"本文","value":"<br><br>\nでも添付ファイルがなかったよ…😥"}},"終了":{"runAfter":{"チャットまたはチャネルでメッセージを投稿する-添付なし-":["Succeeded"]},"metadata":{"operationMetadataId":"3f93de3e-39dc-4f0e-8303-72d7264bbf1b"},"type":"Terminate","inputs":{"runStatus":"Cancelled"}},"チャットまたはチャネルでメッセージを投稿する-添付なし-":{"runAfter":{"文字列変数に追加-中断-":["Succeeded"]},"metadata":{"operationMetadataId":"9dadf526-38e0-487b-942e-f13b11de68e5"},"type":"OpenApiConnection","inputs":{"host":{"apiId":"/providers/Microsoft.PowerApps/apis/shared_teams","connectionName":"shared_teams","operationId":"PostMessageToConversation"},"parameters":{"poster":"Flow bot","location":"Chat with Flow bot","body/recipient":"@{outputs('マイ_プロフィールの取得_(V2)')?['body/mail']};","body/messageBody":"<p>@{variables('本文')}</p>"},"authentication":{"value":"@json(decodeBase64(triggerOutputs().headers['X-MS-APIM-Tokens']))['$ConnectionKey']","type":"Raw"}}}},"runAfter":{"変数を初期化する-フォルダ-":["Succeeded"]},"expression":{"equals":["@empty(body('メッセージ詳細を取得する')?['attachments'])",true]},"metadata":{"operationMetadataId":"354b38c6-8d9d-40d1-8628-b9d127e7c277"},"type":"If"},"作成":{"runAfter":{"Apply_to_each":["Succeeded"]},"metadata":{"operationMetadataId":"65eb25e0-e00a-4cca-b2d4-118364697944"},"type":"Compose","inputs":"@replace(replace(outputs('マイ_プロフィールの取得_(V2)')?['body/userPrincipalName'],'@','_'),'.','_')"}}},"connectionReferences":{"shared_teams":{"connectionName":"shared-teams-7b00b20f-d055-41d0-84f7-90746229e16d","source":"Invoker","id":"/providers/Microsoft.PowerApps/apis/shared_teams","tier":"NotSpecified"},"shared_office365users":{"connectionName":"0362f4c3a0324647b8158c189b872a92","source":"Invoker","id":"/providers/Microsoft.PowerApps/apis/shared_office365users","tier":"NotSpecified"},"shared_onedriveforbusiness":{"connectionName":"9398e455fc014e759a98106d7f044527","source":"Invoker","id":"/providers/Microsoft.PowerApps/apis/shared_onedriveforbusiness","tier":"NotSpecified"},"shared_sharepointonline":{"connectionName":"016b62027eaa4813bb97cccf803d401c","source":"Invoker","id":"/providers/Microsoft.PowerApps/apis/shared_sharepointonline","tier":"NotSpecified"}},"flowFailureAlertSubscribed":false,"isManaged":false}}