{"name":"a1900cb7-f01e-4b0e-b7c6-a98a4c1d964b","id":"/providers/Microsoft.Flow/flows/a1900cb7-f01e-4b0e-b7c6-a98a4c1d964b","type":"Microsoft.Flow/flows","properties":{"apiId":"/providers/Microsoft.PowerApps/apis/shared_logicflows","displayName":"フォルダとファイルの全削除","definition":{"metadata":{"workflowEntityId":null,"processAdvisorMetadata":null,"flowclientsuspensionreason":"None","flowclientsuspensiontime":null,"flowclientsuspensionreasondetails":null,"creator":{"id":"0426098c-bd21-492c-8b5c-f6ec20d8c81f","type":"User","tenantId":"50528b4c-efba-4fff-b242-2a939652cd3e"},"provisioningMethod":"FromDefinition","failureAlertSubscription":true,"clientLastModifiedTime":"2022-07-28T08:26:19.1006649Z"},"$schema":"https://schema.management.azure.com/providers/Microsoft.Logic/schemas/2016-06-01/workflowdefinition.json#","contentVersion":"1.0.0.0","parameters":{"$connections":{"defaultValue":{},"type":"Object"},"$authentication":{"defaultValue":{},"type":"SecureObject"}},"triggers":{"manual":{"splitOn":"@triggerBody()['rows']","metadata":{"operationMetadataId":"01e1d5a3-8084-46e9-b6b5-c1386d7e9576"},"type":"Request","kind":"ApiConnection","inputs":{"schema":{"type":"object","properties":{"rows":{"type":"array","items":{"type":"object","properties":{"boolean":{"title":"ドキュメントライブラリ全体を削除","type":"boolean","x-ms-dynamically-added":true,"description":"選択したフォルダ・アイテムの階層以下の場合は「いいえ」","x-ms-content-hint":"BOOLEAN"},"entity":{"type":"object","properties":{"ID":{"title":"ID","type":"integer","format":"int64"}},"required":["ID"]}},"required":["boolean","entity"]}}},"required":["rows"]},"host":{"connection":{"name":"@parameters('$connections')['shared_sharepointonline_1']['connectionId']"},"api":{"runtimeUrl":"https://japan-001.azure-apim.net/apim/sharepointonline"}},"operationId":"ForASelectedFileHybridTrigger","parameters":{"dataset":"https://dxncloud.sharepoint.com/sites/Teams13484-98_TEST","table":"e4619a58-fa94-4647-86e4-45c7b458edc9"}}}},"actions":{"変数を初期化する_-sorted-array-":{"runAfter":{"Input":["Succeeded"]},"metadata":{"operationMetadataId":"74695dd0-3b83-4c47-b8dc-4e018c1d9696"},"type":"InitializeVariable","inputs":{"variables":[{"name":"sorted-array","type":"array","value":[]}]}},"変数を初期化する_-実行履歴-":{"runAfter":{"変数を初期化する_-sorted-array-":["Succeeded"]},"metadata":{"operationMetadataId":"979815be-23ed-4e09-aed4-c48d82e6fdfe"},"type":"InitializeVariable","inputs":{"variables":[{"name":"実行履歴","type":"array","value":[]}]}},"ファイル":{"actions":{"アレイのフィルター処理_-ファイルのみを抽出-":{"runAfter":{},"metadata":{"operationMetadataId":"02edf764-a093-43d3-9a6f-951f5cf871a1"},"type":"Query","inputs":{"from":"@body('アレイのフィルター処理')","where":"@equals(item()?['{IsFolder}'], false)"}},"ファイルの全件削除":{"foreach":"@body('アレイのフィルター処理_-ファイルのみを抽出-')","actions":{"ファイルの削除":{"runAfter":{},"metadata":{"operationMetadataId":"311decd7-0a12-493e-b8d8-a55f2d1a97c5"},"type":"OpenApiConnection","inputs":{"host":{"apiId":"/providers/Microsoft.PowerApps/apis/shared_sharepointonline","connectionName":"shared_sharepointonline_1","operationId":"DeleteFile"},"parameters":{"dataset":"@variables('サイトのアドレス')","id":"@item()?['{Identifier}']"},"authentication":{"value":"@json(decodeBase64(triggerOutputs().headers['X-MS-APIM-Tokens']))['$ConnectionKey']","type":"Raw"}}},"配列変数に追加_-実行履歴(ファイル_成功)-":{"runAfter":{"ファイルの削除":["Succeeded"]},"metadata":{"operationMetadataId":"0acb831a-2c92-427b-aea5-86d6026f4918"},"type":"AppendToArrayVariable","inputs":{"name":"実行履歴","value":{"IsFolder":"@{items('ファイルの全件削除')?['{IsFolder}']}","FullPath":"@{items('ファイルの全件削除')?['{FullPath}']}","Result":"Success"}}},"配列変数に追加_-実行履歴(ファイル_失敗)-":{"runAfter":{"ファイルの削除":["Failed"]},"metadata":{"operationMetadataId":"cf0bea88-4761-44fa-9125-ccae0ac25003"},"type":"AppendToArrayVariable","inputs":{"name":"実行履歴","value":{"IsFolder":"@{items('ファイルの全件削除')?['{IsFolder}']}","FullPath":"@{items('ファイルの全件削除')?['{FullPath}']}","Result":"Failure"}}}},"runAfter":{"アレイのフィルター処理_-ファイルのみを抽出-":["Succeeded"]},"metadata":{"operationMetadataId":"1ae7a0ce-6a18-49fe-ad0b-69a10ba745d7"},"type":"Foreach","runtimeConfiguration":{"concurrency":{"repetitions":20}}}},"runAfter":{"変数を初期化する_-本文-":["Succeeded"]},"metadata":{"operationMetadataId":"eff230e4-e41e-416e-9972-d599d61b272d"},"type":"Scope"},"結果の出力":{"actions":{"HTML_テーブルの作成":{"runAfter":{},"metadata":{"operationMetadataId":"1c1e93ac-9077-4386-bda2-c003dd2c6cd3"},"type":"Table","inputs":{"from":"@variables('実行履歴')","format":"HTML"}},"マイ_プロフィールの取得_(V2)":{"runAfter":{"文字列変数に追加":["Succeeded"]},"metadata":{"operationMetadataId":"65e34db8-47c6-40d4-858b-eff19841ded6"},"type":"OpenApiConnection","inputs":{"host":{"apiId":"/providers/Microsoft.PowerApps/apis/shared_office365users","connectionName":"shared_office365users","operationId":"MyProfile_V2"},"parameters":{},"authentication":{"value":"@json(decodeBase64(triggerOutputs().headers['X-MS-APIM-Tokens']))['$ConnectionKey']","type":"Raw"}}},"チャットまたはチャネルでメッセージを投稿する":{"runAfter":{"マイ_プロフィールの取得_(V2)":["Succeeded"]},"metadata":{"operationMetadataId":"5ff7ef36-37a8-495c-a8fd-10fa8643d125"},"type":"OpenApiConnection","inputs":{"host":{"apiId":"/providers/Microsoft.PowerApps/apis/shared_teams","connectionName":"shared_teams","operationId":"PostMessageToConversation"},"parameters":{"poster":"Flow bot","location":"Chat with Flow bot","body/recipient":"@outputs('マイ_プロフィールの取得_(V2)')?['body/mail']","body/messageBody":"<p>@{variables('本文')}<br>\n</p>"},"authentication":{"value":"@json(decodeBase64(triggerOutputs().headers['X-MS-APIM-Tokens']))['$ConnectionKey']","type":"Raw"}}},"文字列変数に追加":{"runAfter":{"HTML_テーブルの作成":["Succeeded"]},"metadata":{"operationMetadataId":"1c3b9cbb-c331-4d50-8a29-789e23819a31"},"type":"AppendToStringVariable","inputs":{"name":"本文","value":"フォルダ・ファイル削除の実行履歴です。\n<br/>\n@{body('HTML_テーブルの作成')}"}}},"runAfter":{"フォルダ":["Succeeded"]},"metadata":{"operationMetadataId":"bd130a33-df68-4e16-a188-cf54620ae531"},"type":"Scope"},"フォルダ":{"actions":{"条件":{"actions":{},"runAfter":{},"else":{"actions":{"変数の設定_-件数オーバーの通知-":{"runAfter":{},"metadata":{"operationMetadataId":"ad6fe00b-f16d-4264-b4fa-cd96e32a2847"},"type":"SetVariable","inputs":{"name":"本文","value":"ファイル・フォルダ数の合計が5000件を超えていたため、一部処理をスキップしました。\n<br>\n結果を確認の上、再度実行してください。\n<br><br>"}}}},"expression":{"less":["@length(\r\n    outputs('ファイルの取得_(プロパティのみ)')?['body/value']\r\n)",5000]},"metadata":{"operationMetadataId":"0f65cbed-2f81-4ccf-bb89-d8e91defb6e0"},"type":"If"},"フォルダの全件削除":{"foreach":"@variables('sorted-array')","actions":{"SharePoint_に_HTTP_要求を送信します":{"runAfter":{},"metadata":{"operationMetadataId":"4ac056f2-ca47-42bf-967e-0c15d319af84"},"type":"OpenApiConnection","inputs":{"host":{"apiId":"/providers/Microsoft.PowerApps/apis/shared_sharepointonline","connectionName":"shared_sharepointonline_1","operationId":"HttpRequest"},"parameters":{"dataset":"@variables('サイトのアドレス')","parameters/method":"DELETE","parameters/uri":"_api/web/GetFolderByServerRelativeUrl('@{item()?['Path']}')"},"authentication":{"value":"@json(decodeBase64(triggerOutputs().headers['X-MS-APIM-Tokens']))['$ConnectionKey']","type":"Raw"}},"description":"「サイトのアドレス」を適宜変更"},"配列変数に追加_-実行履歴(フォルダ_成功)-":{"runAfter":{"SharePoint_に_HTTP_要求を送信します":["Succeeded"]},"metadata":{"operationMetadataId":"99ba0663-5e90-455b-8821-65e3eb688f14"},"type":"AppendToArrayVariable","inputs":{"name":"実行履歴","value":{"IsFolder":"True","FullPath":"@{items('フォルダの全件削除')?['Path']}","Result":"Success"}}},"配列変数に追加_-実行履歴(フォルダ_失敗)-":{"runAfter":{"SharePoint_に_HTTP_要求を送信します":["Failed"]},"metadata":{"operationMetadataId":"b71a48d4-6ad7-433f-a50a-9f266be782f1"},"type":"AppendToArrayVariable","inputs":{"name":"実行履歴","value":{"IsFolder":"True","FullPath":"@{items('フォルダの全件削除')?['Path']}","Result":"Failure"}}}},"runAfter":{"パスの長い順にソート":["Succeeded"]},"metadata":{"operationMetadataId":"c9185657-df54-4d15-8624-01eee7d39894"},"type":"Foreach"},"パスの長い順にソート":{"foreach":"@body('選択')","actions":{"作成":{"runAfter":{},"metadata":{"operationMetadataId":"5ca1db25-dcdd-4e97-acfd-f742744c862f"},"type":"Compose","inputs":"@item()"},"アレイのフィルター処理_-パスの長いもの-":{"runAfter":{"作成":["Succeeded"]},"metadata":{"operationMetadataId":"b45c5462-4eed-46fe-8cb6-0ef1b821e3b4"},"type":"Query","inputs":{"from":"@variables('sorted-array')","where":"@greaterOrEquals(item()?['Length'], outputs('作成')?['Length'])"}},"アレイのフィルター処理__-パスの短いもの-":{"runAfter":{"作成":["Succeeded"]},"metadata":{"operationMetadataId":"69510c52-e838-4866-b7b2-73ce1a6c47cf"},"type":"Query","inputs":{"from":"@variables('sorted-array')","where":"@less(item()?['Length'], outputs('作成')?['Length'])"}},"変数の設定":{"runAfter":{"アレイのフィルター処理_-パスの長いもの-":["Succeeded"],"アレイのフィルター処理__-パスの短いもの-":["Succeeded"]},"metadata":{"operationMetadataId":"c9412d83-0710-4a07-8b96-ace78a634e85"},"type":"SetVariable","inputs":{"name":"sorted-array","value":"@union(\n    body('アレイのフィルター処理_-パスの長いもの-'),\n    createArray(outputs('作成')),\n    body('アレイのフィルター処理__-パスの短いもの-')\n)"},"description":"長い-現在のアイテム-短い　で結合"}},"runAfter":{"選択":["Succeeded"]},"metadata":{"operationMetadataId":"bd0c734b-18a6-4810-a493-434a6293e0c3"},"type":"Foreach"},"選択":{"runAfter":{"アレイのフィルター処理_-フォルダのみを抽出-":["Succeeded"]},"metadata":{"operationMetadataId":"a2dc5a7f-e83d-442d-83be-499f9759cbf3"},"type":"Select","inputs":{"from":"@body('アレイのフィルター処理_-フォルダのみを抽出-')","select":{"Path":"@item()?['{FullPath}']","Length":"@length(item()?['{FullPath}'])"}}},"アレイのフィルター処理_-フォルダのみを抽出-":{"runAfter":{"条件":["Succeeded"]},"metadata":{"operationMetadataId":"dbef6da9-d404-4029-a48b-2993b4ebce4b"},"type":"Query","inputs":{"from":"@body('アレイのフィルター処理')","where":"@equals(item()?['{IsFolder}'], true)"}}},"runAfter":{"ファイル":["Succeeded"]},"metadata":{"operationMetadataId":"cda31644-81bc-446e-a752-7dbe9c6ea13f"},"type":"Scope"},"変数を初期化する_-本文-":{"runAfter":{"変数を初期化する_-実行履歴-":["Succeeded"]},"metadata":{"operationMetadataId":"b8e74e0c-724e-4d0a-8245-fa011ef64e13"},"type":"InitializeVariable","inputs":{"variables":[{"name":"本文","type":"string","value":"<a href=\"@{actions('ファイルの取得_(プロパティのみ)')?['inputs']?['parameters']?['dataset']}\">@{actions('ファイルの取得_(プロパティのみ)')?['inputs']?['parameters']?['dataset']}</a><br>"}]}},"変数を初期化する_-サイトのアドレス-":{"runAfter":{},"metadata":{"operationMetadataId":"09f7d589-7074-43ba-9f3e-2bb8cb011c42"},"type":"InitializeVariable","inputs":{"variables":[{"name":"サイトのアドレス","type":"string","value":"@{trigger()?['inputs']?['parameters']?['dataset']\r\n}"}]}},"変数を初期化する_-ライブラリ名-":{"runAfter":{"変数を初期化する_-サイトのアドレス-":["Succeeded"]},"metadata":{"operationMetadataId":"8a1298d3-4949-4f1f-b5a1-c2c6ec660444"},"type":"InitializeVariable","inputs":{"variables":[{"name":"ライブラリ名","type":"string","value":"@{trigger()?['inputs']?['parameters']?['table']}"}]}},"Input":{"actions":{"ファイルの取得_(プロパティのみ)":{"runAfter":{"条件_2":["Succeeded"]},"metadata":{"operationMetadataId":"56a53ccc-7aed-4147-ace6-3798d2c1663a"},"type":"OpenApiConnection","inputs":{"host":{"apiId":"/providers/Microsoft.PowerApps/apis/shared_sharepointonline","connectionName":"shared_sharepointonline_1","operationId":"GetFileItems"},"parameters":{"dataset":"@variables('サイトのアドレス')","table":"@variables('ライブラリ名')","folderPath":"@variables('エントリフォルダー')","viewScopeOption":"RecursiveAll","$top":5000},"authentication":{"value":"@json(decodeBase64(triggerOutputs().headers['X-MS-APIM-Tokens']))['$ConnectionKey']","type":"Raw"}},"description":"「サイトのアドレス」「ライブラリ名」「エントリをフォルダに制限する」を適宜変更してください。"},"アレイのフィルター処理":{"runAfter":{"ファイルの取得_(プロパティのみ)":["Succeeded"]},"metadata":{"operationMetadataId":"416ccc0a-2190-47ae-b3c1-629b4241f984"},"type":"Query","inputs":{"from":"@outputs('ファイルの取得_(プロパティのみ)')?['body/value']","where":"@not(equals(item()?['{FullPath}'], 'Shared Documents/Forms'))"},"description":"ドキュメントライブラリ直下の既定フォルダ[Forms]は消さない方がいいらしい"},"ファイルのプロパティの取得":{"runAfter":{},"metadata":{"operationMetadataId":"0442ebb1-e046-4e41-861e-8239ab88d0d9"},"type":"OpenApiConnection","inputs":{"host":{"apiId":"/providers/Microsoft.PowerApps/apis/shared_sharepointonline","connectionName":"shared_sharepointonline_1","operationId":"GetFileItem"},"parameters":{"dataset":"@variables('サイトのアドレス')","table":"@variables('ライブラリ名')","id":"@triggerBody()?['entity']?['ID']"},"authentication":{"value":"@json(decodeBase64(triggerOutputs().headers['X-MS-APIM-Tokens']))['$ConnectionKey']","type":"Raw"}}},"条件_2":{"actions":{},"runAfter":{"ファイルのプロパティの取得":["Succeeded"]},"else":{"actions":{"変数の設定_2":{"runAfter":{},"metadata":{"operationMetadataId":"d9930ff1-d0ee-4aea-95fd-c8028c5dcf5f"},"type":"SetVariable","inputs":{"name":"エントリフォルダー","value":"@{concat(\r\n    outputs('ファイルのプロパティの取得')?['body/{Path}'],\r\n    if(\r\n        outputs('ファイルのプロパティの取得')?['body/{IsFolder}'],\r\n        outputs('ファイルのプロパティの取得')?['body/{Name}'],\r\n        null\r\n    )\r\n)}"}}}},"expression":{"equals":["@triggerBody()['boolean']",true]},"metadata":{"operationMetadataId":"6ddbebcd-e3ce-440f-85d7-a4c85dc98290"},"type":"If"}},"runAfter":{"変数を初期化する_-エントリフォルダー-":["Succeeded"]},"metadata":{"operationMetadataId":"914a4629-c39a-474d-bdf1-31ad27d53df2"},"type":"Scope"},"変数を初期化する_-エントリフォルダー-":{"runAfter":{"変数を初期化する_-ライブラリ名-":["Succeeded"]},"metadata":{"operationMetadataId":"44926fe7-f70f-4a3d-91ef-790143dea6d9"},"type":"InitializeVariable","inputs":{"variables":[{"name":"エントリフォルダー","type":"string","value":"@{null}"}]}}}},"connectionReferences":{"shared_sharepointonline_1":{"connectionName":"63639c76a942495bae5a64a54c2e845d","source":"Invoker","id":"/providers/Microsoft.PowerApps/apis/shared_sharepointonline","tier":"NotSpecified"},"shared_office365users":{"connectionName":"b7a0b16f98c74314883abfba1a971319","source":"Invoker","id":"/providers/Microsoft.PowerApps/apis/shared_office365users","tier":"NotSpecified"},"shared_teams":{"connectionName":"65774d52aaf74293ab8bac469a1f586b","source":"Invoker","id":"/providers/Microsoft.PowerApps/apis/shared_teams","tier":"NotSpecified"}},"flowFailureAlertSubscribed":false,"isManaged":false}}