{"name":"7b2c988d-3d8b-4968-baf2-695cdb2a6b69","id":"/providers/Microsoft.Flow/flows/7b2c988d-3d8b-4968-baf2-695cdb2a6b69","type":"Microsoft.Flow/flows","properties":{"apiId":"/providers/Microsoft.PowerApps/apis/shared_logicflows","displayName":"SharePointドキュメントライブラリのフォルダ一括削除","definition":{"metadata":{"workflowEntityId":null,"processAdvisorMetadata":null,"flowclientsuspensionreason":"None","flowclientsuspensiontime":null,"flowclientsuspensionreasondetails":null,"creator":{"id":"0f195880-2ade-44be-8e99-006ca1aa5155","type":"User","tenantId":"b794cd83-44cc-447c-856e-a27e55624c65"},"provisioningMethod":"FromDefinition","failureAlertSubscription":true,"clientLastModifiedTime":"2022-08-08T13:25:46.258548Z"},"$schema":"https://schema.management.azure.com/providers/Microsoft.Logic/schemas/2016-06-01/workflowdefinition.json#","contentVersion":"1.0.0.0","parameters":{"$connections":{"defaultValue":{},"type":"Object"},"$authentication":{"defaultValue":{},"type":"SecureObject"}},"triggers":{"manual":{"splitOn":"@triggerBody()['rows']","metadata":{"operationMetadataId":"edbd08ad-743b-439f-9ed6-0e50d8e7edef"},"type":"Request","kind":"ApiConnection","inputs":{"schema":{"type":"object","properties":{"rows":{"type":"array","items":{"type":"object","properties":{"entity":{"type":"object","properties":{"ID":{"title":"ID","type":"integer","format":"int64"}},"required":["ID"]}},"required":["entity"]}}},"required":["rows"]},"host":{"connection":{"name":"@parameters('$connections')['shared_sharepointonline']['connectionId']"},"api":{"runtimeUrl":"https://flow-apim-unitedstates-002-eastus-01.azure-apim.net/apim/sharepointonline"}},"operationId":"ForASelectedFileHybridTrigger","parameters":{"dataset":"https://v45dm.sharepoint.com/sites/ksgiksg","table":"3770501f-9e56-47fd-86ae-6f22f67ef50d"}},"description":"トリガーのみinput変更すればOK"}},"actions":{"変数を初期化する_-サイトアドレス-":{"runAfter":{},"metadata":{"operationMetadataId":"50d5c30c-903a-4b8f-b388-252d64249d41"},"type":"InitializeVariable","inputs":{"variables":[{"name":"サイトアドレス","type":"string","value":"@{trigger()?['inputs/parameters/dataset']}"}]}},"変数を初期化する_-ライブラリ名-":{"runAfter":{"変数を初期化する_-サイトアドレス-":["Succeeded"]},"metadata":{"operationMetadataId":"03da1dee-f36d-430b-a8e1-95947601fea2"},"type":"InitializeVariable","inputs":{"variables":[{"name":"ライブラリ名","type":"string","value":"@{trigger()?['inputs/parameters/table']}"}]}},"前処理":{"actions":{"ファイルのプロパティの取得":{"runAfter":{},"metadata":{"operationMetadataId":"07b8686f-3120-4c25-a72e-8644d66b157c"},"type":"OpenApiConnection","inputs":{"host":{"apiId":"/providers/Microsoft.PowerApps/apis/shared_sharepointonline","connectionName":"shared_sharepointonline","operationId":"GetFileItem"},"parameters":{"dataset":"@variables('サイトアドレス')","table":"@variables('ライブラリ名')","id":"@triggerBody()?['entity']?['ID']"},"authentication":{"value":"@json(decodeBase64(triggerOutputs().headers['X-MS-APIM-Tokens']))['$ConnectionKey']","type":"Raw"}}},"条件_-フォルダ以外を選択した場合は終了-":{"actions":{},"runAfter":{"ファイルのプロパティの取得":["Succeeded"]},"else":{"actions":{"終了":{"runAfter":{},"metadata":{"operationMetadataId":"6d442207-e633-48d7-b5ec-2f925127a598"},"type":"Terminate","inputs":{"runStatus":"Cancelled"}}}},"expression":{"equals":["@body('ファイルのプロパティの取得')?['{IsFolder}']",true]},"metadata":{"operationMetadataId":"14e5810c-ca2f-47b0-b547-4a9456de6ccb"},"type":"If"},"ファイルの取得_(プロパティのみ)":{"runAfter":{"条件_-フォルダ以外を選択した場合は終了-":["Succeeded"]},"metadata":{"operationMetadataId":"2758fd5c-a472-488b-a409-86441a25e60a"},"type":"OpenApiConnection","inputs":{"host":{"apiId":"/providers/Microsoft.PowerApps/apis/shared_sharepointonline","connectionName":"shared_sharepointonline","operationId":"GetFileItems"},"parameters":{"dataset":"@variables('サイトアドレス')","table":"@variables('ライブラリ名')","folderPath":"@body('ファイルのプロパティの取得')?['{FullPath}']","viewScopeOption":"RecursiveAll"},"authentication":{"value":"@json(decodeBase64(triggerOutputs().headers['X-MS-APIM-Tokens']))['$ConnectionKey']","type":"Raw"}}},"選択":{"runAfter":{"ファイルの取得_(プロパティのみ)":["Succeeded"]},"metadata":{"operationMetadataId":"b297ddda-1d5f-44e2-87a5-e42dcbd802c0"},"type":"Select","inputs":{"from":"@outputs('ファイルの取得_(プロパティのみ)')?['body/value']","select":{"IsFolder":"@item()?['{IsFolder}']","FullPath":"@item()?['{FullPath}']","Length":"@length(item()?['{FullPath}'])","Identifier":"@item()?['{Identifier}']"}}},"アレイのフィルター処理_-NotFolder-":{"runAfter":{"選択":["Succeeded"]},"metadata":{"operationMetadataId":"1f0d65fc-5c97-41bc-bdbb-bddb217847ad"},"type":"Query","inputs":{"from":"@body('選択')","where":"@equals(item()?['IsFolder'], false)"}},"アレイのフィルター処理_-IsFolder-":{"runAfter":{"アレイのフィルター処理_-NotFolder-":["Succeeded"]},"metadata":{"operationMetadataId":"1f0d65fc-5c97-41bc-bdbb-bddb217847ad"},"type":"Query","inputs":{"from":"@body('選択')","where":"@equals(item()?['IsFolder'], true)"}}},"runAfter":{"変数を初期化する_-ソート後-":["Succeeded"]},"metadata":{"operationMetadataId":"79006a10-2136-4650-ae63-d5cf9c811833"},"type":"Scope"},"ファイル削除の実行":{"foreach":"@body('アレイのフィルター処理_-NotFolder-')","actions":{"ファイルの削除":{"runAfter":{},"metadata":{"operationMetadataId":"480a0079-d21e-4820-a8a8-957633414f82"},"type":"OpenApiConnection","inputs":{"host":{"apiId":"/providers/Microsoft.PowerApps/apis/shared_sharepointonline","connectionName":"shared_sharepointonline","operationId":"DeleteFile"},"parameters":{"dataset":"@variables('サイトアドレス')","id":"@items('ファイル削除の実行')?['Identifier']"},"authentication":{"value":"@json(decodeBase64(triggerOutputs().headers['X-MS-APIM-Tokens']))['$ConnectionKey']","type":"Raw"}}}},"runAfter":{"前処理":["Succeeded"]},"metadata":{"operationMetadataId":"d2a911ce-7edc-4ad4-8daa-40210f8f4545"},"type":"Foreach"},"フォルダ名でソート":{"foreach":"@body('アレイのフィルター処理_-IsFolder-')","actions":{"アレイのフィルター処理_-未満-":{"runAfter":{},"metadata":{"operationMetadataId":"42e2648a-fd38-4a94-9c4f-a82ea5502b09"},"type":"Query","inputs":{"from":"@variables('ソート後')","where":"@less(item()?['Length'], items('フォルダ名でソート')?['Length'])"}},"アレイのフィルター処理_-以上-":{"runAfter":{"アレイのフィルター処理_-未満-":["Succeeded"]},"metadata":{"operationMetadataId":"a958622b-e1fe-402a-89f1-1dcbcf84c43f"},"type":"Query","inputs":{"from":"@variables('ソート後')","where":"@greaterOrEquals(item()?['Length'], items('フォルダ名でソート')?['Length'])"}},"変数の設定":{"runAfter":{"アレイのフィルター処理_-以上-":["Succeeded"]},"metadata":{"operationMetadataId":"3b6bdb49-1c32-4afd-8dc4-ee9ff7f24c48"},"type":"SetVariable","inputs":{"name":"ソート後","value":"@union(\n    body('アレイのフィルター処理_-以上-'),\n    createArray(item()),\n    body('アレイのフィルター処理_-未満-')\n)"}}},"runAfter":{"ファイル削除の実行":["Succeeded"]},"metadata":{"operationMetadataId":"5a9e18dd-c4c7-429d-ab85-d5ad840ebac4"},"type":"Foreach"},"変数を初期化する_-ソート後-":{"runAfter":{"変数を初期化する_-ライブラリ名-":["Succeeded"]},"metadata":{"operationMetadataId":"e3408d06-92f5-4a63-8c24-ca7c57528a0e"},"type":"InitializeVariable","inputs":{"variables":[{"name":"ソート後","type":"array"}]}},"フォルダ削除の実行":{"foreach":"@variables('ソート後')","actions":{"SharePoint_に_HTTP_要求を送信します":{"runAfter":{},"metadata":{"operationMetadataId":"44dbed33-8059-4857-af00-44d352f4111a"},"type":"OpenApiConnection","inputs":{"host":{"apiId":"/providers/Microsoft.PowerApps/apis/shared_sharepointonline","connectionName":"shared_sharepointonline","operationId":"HttpRequest"},"parameters":{"dataset":"@variables('サイトアドレス')","parameters/method":"DELETE","parameters/uri":"_api/web/GetFolderByServerRelativeUrl('@{items('フォルダ削除の実行')?['FullPath']}')"},"authentication":{"value":"@json(decodeBase64(triggerOutputs().headers['X-MS-APIM-Tokens']))['$ConnectionKey']","type":"Raw"}},"description":"_api/web/GetFolderByServerRelativeUrl('/sites/サイト名/ドキュメントライブラリ名/消したいフォルダ名')"}},"runAfter":{"フォルダ名でソート":["Succeeded"]},"metadata":{"operationMetadataId":"c21294a4-9f75-4360-9f4a-dcb4fe66ba8e"},"type":"Foreach"},"選択したフォルダの削除":{"runAfter":{"フォルダ削除の実行":["Succeeded"]},"metadata":{"operationMetadataId":"44dbed33-8059-4857-af00-44d352f4111a"},"type":"OpenApiConnection","inputs":{"host":{"apiId":"/providers/Microsoft.PowerApps/apis/shared_sharepointonline","connectionName":"shared_sharepointonline","operationId":"HttpRequest"},"parameters":{"dataset":"@variables('サイトアドレス')","parameters/method":"DELETE","parameters/uri":"_api/web/GetFolderByServerRelativeUrl('@{body('ファイルのプロパティの取得')?['{FullPath}']}')"},"authentication":{"value":"@json(decodeBase64(triggerOutputs().headers['X-MS-APIM-Tokens']))['$ConnectionKey']","type":"Raw"}},"description":"_api/web/GetFolderByServerRelativeUrl('/sites/サイト名/ドキュメントライブラリ名/消したいフォルダ名')"}}},"connectionReferences":{"shared_sharepointonline":{"connectionName":"016b62027eaa4813bb97cccf803d401c","source":"Invoker","id":"/providers/Microsoft.PowerApps/apis/shared_sharepointonline","tier":"NotSpecified"}},"flowFailureAlertSubscribed":false,"isManaged":false}}