{"name":"0b6baa80-2a0e-435d-b64e-fc5a5523f426","id":"/providers/Microsoft.Flow/flows/0b6baa80-2a0e-435d-b64e-fc5a5523f426","type":"Microsoft.Flow/flows","properties":{"apiId":"/providers/Microsoft.PowerApps/apis/shared_logicflows","displayName":"タケノコニョッキ・開始編","definition":{"metadata":{"workflowEntityId":null,"processAdvisorMetadata":null,"flowChargedByPaygo":null,"flowclientsuspensionreason":"None","flowclientsuspensiontime":null,"flowclientsuspensionreasondetails":null,"creator":{"id":"0f195880-2ade-44be-8e99-006ca1aa5155","type":"User","tenantId":"b794cd83-44cc-447c-856e-a27e55624c65"},"provisioningMethod":"FromDefinition","failureAlertSubscription":true,"clientLastModifiedTime":"2023-06-02T14:05:54.658993Z"},"$schema":"https://schema.management.azure.com/providers/Microsoft.Logic/schemas/2016-06-01/workflowdefinition.json#","contentVersion":"1.0.0.0","parameters":{"$connections":{"defaultValue":{},"type":"Object"},"$authentication":{"defaultValue":{},"type":"SecureObject"}},"triggers":{"manual":{"metadata":{"operationMetadataId":"e6d73328-906f-4d60-9528-666e55fa5145","flowSystemMetadata":{"swaggerOperationId":"ComposeAMessageV2","taskModuleWidth":null,"taskModuleHeight":null,"inputsAdaptiveCard":"{\"type\":\"AdaptiveCard\",\"body\":[{\"type\":\"TextBlock\",\"size\":\"Medium\",\"weight\":\"Bolder\",\"text\":\"2人以上追加してね！\"},{\"type\":\"Input.ChoiceSet\",\"choices.data\":{\"type\":\"Data.Query\",\"dataset\":\"graph.microsoft.com/users\"},\"id\":\"people-picker\",\"isMultiSelect\":true}],\"actions\":[{\"type\":\"Action.Submit\",\"title\":\"ゲーム開始\"}],\"$schema\":\"http://adaptivecards.io/schemas/adaptive-card.json\",\"version\":\"1.3\",\"-ms-tokens\":{}}"}},"type":"Request","kind":"ApiConnection","inputs":{"schema":{"type":"object","properties":{"cardOutputs":{"type":"object","properties":{"people-picker":{"title":"people-picker","type":"string"}}}},"required":["cardOutputs"]},"host":{"connection":{"name":"@parameters('$connections')['shared_teams']['connectionId']"},"api":{"runtimeUrl":"https://flow-apim-unitedstates-002-westus-01.azure-apim.net/apim/teams"}},"operationId":"ComposeAMessageV2","parameters":{"inputsAdaptiveCard":"{\"type\":\"AdaptiveCard\",\"body\":[{\"type\":\"TextBlock\",\"size\":\"Medium\",\"weight\":\"Bolder\",\"text\":\"2人以上追加してね！\"},{\"type\":\"Input.ChoiceSet\",\"choices.data\":{\"type\":\"Data.Query\",\"dataset\":\"graph.microsoft.com/users\"},\"id\":\"people-picker\",\"isMultiSelect\":true}],\"actions\":[{\"type\":\"Action.Submit\",\"title\":\"ゲーム開始\"}],\"$schema\":\"http://adaptivecards.io/schemas/adaptive-card.json\",\"version\":\"1.3\",\"-ms-tokens\":{}}"}}}},"actions":{"チャットの作成":{"runAfter":{},"metadata":{"operationMetadataId":"7d6e4cf0-fea6-43b1-8799-24e625ddc56d"},"type":"OpenApiConnection","inputs":{"host":{"apiId":"/providers/Microsoft.PowerApps/apis/shared_teams","connectionName":"shared_teams","operationId":"CreateChat"},"parameters":{"item/members":"@triggerBody()?['cardOutputs']?['people-picker']","item/topic":"た・け・の・こ　ニョッキ"},"authentication":{"value":"@json(decodeBase64(triggerOutputs().headers['X-MS-APIM-Tokens']))['$ConnectionKey']","type":"Raw"}}},"チャットやチャネルにカードを投稿する":{"runAfter":{"項目の作成":["Succeeded"]},"metadata":{"operationMetadataId":"c7c113c2-0e41-42a4-af31-baaa7cce6b92"},"type":"OpenApiConnection","inputs":{"host":{"apiId":"/providers/Microsoft.PowerApps/apis/shared_teams","connectionName":"shared_teams","operationId":"PostCardToConversation"},"parameters":{"poster":"Flow bot","location":"Group chat","body/recipient":"@outputs('チャットの作成')?['body/id']","body/messageBody":"{\n    \"type\": \"AdaptiveCard\",\n    \"$schema\": \"http://adaptivecards.io/schemas/adaptive-card.json\",\n    \"version\": \"1.4\",\n    \"actions\": [\n        {\n            \"type\": \"Action.Submit\",\n            \"title\": \"〇にょき！\",\n            \"data\": {\n                \"spoID\": @{outputs('項目の作成')?['body/ID']}\n            }\n        }\n    ],\n    \"body\": [\n        {\n            \"type\": \"TextBlock\",\n            \"text\": \"番号が重複しないように\\n\\nタイミングよくボタンを押そう！\",\n            \"wrap\": true\n        }\n    ]\n}","body/cardTypeId":"タケノコニョッキ"},"authentication":{"value":"@json(decodeBase64(triggerOutputs().headers['X-MS-APIM-Tokens']))['$ConnectionKey']","type":"Raw"}}},"項目の作成":{"runAfter":{"チャットの作成":["Succeeded"]},"metadata":{"operationMetadataId":"b148cb3e-e9d5-4c59-a67f-2769e85650f5"},"type":"OpenApiConnection","inputs":{"host":{"apiId":"/providers/Microsoft.PowerApps/apis/shared_sharepointonline","connectionName":"shared_sharepointonline","operationId":"PostItem"},"parameters":{"dataset":"https://v45dm-my.sharepoint.com/personal/kyunmina_v45dm_onmicrosoft_com/","table":"ab9fcf61-23f0-4acf-9120-088f805ca290","item/Title":"@outputs('チャットの作成')?['body/id']","item/int":1},"authentication":{"value":"@json(decodeBase64(triggerOutputs().headers['X-MS-APIM-Tokens']))['$ConnectionKey']","type":"Raw"}}}}},"connectionReferences":{"shared_teams":{"connectionName":"shared-teams-7b00b20f-d055-41d0-84f7-90746229e16d","source":"Invoker","id":"/providers/Microsoft.PowerApps/apis/shared_teams","tier":"NotSpecified"},"shared_sharepointonline":{"connectionName":"016b62027eaa4813bb97cccf803d401c","source":"Invoker","id":"/providers/Microsoft.PowerApps/apis/shared_sharepointonline","tier":"NotSpecified"}},"flowFailureAlertSubscribed":false,"isManaged":false}}