{"name":"d6f28f62-3537-4c7a-a431-20996e672813","id":"/providers/Microsoft.Flow/flows/d6f28f62-3537-4c7a-a431-20996e672813","type":"Microsoft.Flow/flows","properties":{"apiId":"/providers/Microsoft.PowerApps/apis/shared_logicflows","displayName":"【子フロー】アンケート回答の督促 - 2","definition":{"metadata":{"workflowEntityId":null,"processAdvisorMetadata":null,"flowChargedByPaygo":null,"flowclientsuspensionreason":"None","flowclientsuspensiontime":null,"flowclientsuspensionreasondetails":null,"creator":{"id":"0f195880-2ade-44be-8e99-006ca1aa5155","type":"User","tenantId":"b794cd83-44cc-447c-856e-a27e55624c65"},"provisioningMethod":"FromDefinition","failureAlertSubscription":true,"clientLastModifiedTime":"2023-12-03T14:26:29.6306216Z","connectionKeySavedTimeKey":"2023-12-03T14:26:29.6306216Z"},"$schema":"https://schema.management.azure.com/providers/Microsoft.Logic/schemas/2016-06-01/workflowdefinition.json#","contentVersion":"undefined","parameters":{"$connections":{"defaultValue":{},"type":"Object"},"$authentication":{"defaultValue":{},"type":"SecureObject"}},"triggers":{"manual":{"metadata":{"operationMetadataId":"1c7ad2cd-0665-4034-bc6a-9dc069e46d00"},"type":"Request","kind":"Button","inputs":{"schema":{"type":"object","properties":{"text":{"description":"入力を指定してください","title":"formId","type":"string","x-ms-content-hint":"TEXT","x-ms-dynamically-added":true},"email":{"title":"userMail","type":"string","format":"email","x-ms-dynamically-added":true,"description":"メール アドレスを入力してください","x-ms-content-hint":"EMAIL"}},"required":["text","email"]}}}},"actions":{"変数を初期化する：exitFlag":{"runAfter":{},"metadata":{"operationMetadataId":"c45800e5-e44f-44b8-aaf8-87b6c20ba157"},"type":"InitializeVariable","inputs":{"variables":[{"name":"exitFlag","type":"boolean","value":false}]}},"作成：通知文":{"runAfter":{"ユーザー_プロフィールの取得_(V2)":["Succeeded"]},"metadata":{"operationMetadataId":"3b04a8f3-0959-4eca-a987-aceccc146128"},"type":"Compose","inputs":"以下のフォームに回答してください。<br>\n<p><a href=\"https://forms.office.com/Pages/ResponsePage.aspx?id=@{triggerBody()?['text']}\">クリックして回答<br></a></p>"},"チャットまたはチャネルでメッセージを投稿する":{"runAfter":{"作成：通知文":["Succeeded"]},"metadata":{"operationMetadataId":"cda94d1c-12c6-4791-8531-0f7d2c156fb5"},"type":"OpenApiConnection","inputs":{"host":{"apiId":"/providers/Microsoft.PowerApps/apis/shared_teams","connectionName":"shared_teams","operationId":"PostMessageToConversation"},"parameters":{"poster":"Flow bot","location":"Chat with Flow bot","body/recipient":"@{outputs('ユーザー_プロフィールの取得_(V2)')?['body/mail']};","body/messageBody":"<p>@{outputs('作成：通知文')}<br>\n</p>"},"authentication":{"value":"@json(decodeBase64(triggerOutputs().headers['X-MS-APIM-Tokens']))['$ConnectionKey']","type":"Raw"}}},"Do_until":{"actions":{"新しい応答が送信されるとき":{"runAfter":{},"metadata":{"operationMetadataId":"20ca160a-5268-405b-834e-60c3a3abc670"},"type":"OpenApiConnectionWebhook","inputs":{"host":{"apiId":"/providers/Microsoft.PowerApps/apis/shared_microsoftforms","connectionName":"shared_microsoftforms","operationId":"CreateFormWebhook"},"parameters":{"form_id":"@triggerBody()?['text']"},"authentication":{"value":"@json(decodeBase64(triggerOutputs().headers['X-MS-APIM-Tokens']))['$ConnectionKey']","type":"Raw"}},"description":"タイムアウト：１日"},"Apply_to_each":{"foreach":"@outputs('新しい応答が送信されるとき')?['body/value']","actions":{"条件":{"actions":{"変数の設定":{"runAfter":{},"metadata":{"operationMetadataId":"ed941a63-ef0f-4879-a70d-8fe4e3566d13"},"type":"SetVariable","inputs":{"name":"exitFlag","value":true}},"変数の設定_2":{"runAfter":{"変数の設定":["Succeeded"]},"metadata":{"operationMetadataId":"feae942b-c9cc-4cd1-8475-5f94d9df18b1"},"type":"SetVariable","inputs":{"name":"formsResponce","value":"<p>依頼したフォームに回答がありました。</p>\n<br>\n<p>回答者：@{outputs('ユーザー_プロフィールの取得_(V2)')?['body/displayName']}<br>\n<a href=\"https://forms.office.com/Pages/DesignPageV2.aspx?id=@{triggerBody()['text']}&topview=SurveyResults&ridx=@{sub(item()?['resourceData/responseId'],1)}\">回答を確認する</a></p>"}}},"runAfter":{"応答の詳細を取得する":["Succeeded"]},"expression":{"and":[{"equals":["@body('応答の詳細を取得する')?['responder']","@outputs('ユーザー_プロフィールの取得_(V2)')?['body/userPrincipalName']"]}]},"metadata":{"operationMetadataId":"abfc364c-1538-4c27-9804-8455da6a6c30"},"type":"If"},"応答の詳細を取得する":{"runAfter":{},"metadata":{"operationMetadataId":"f2f78dbf-71c3-4a48-bd7f-654652065935"},"type":"OpenApiConnection","inputs":{"host":{"apiId":"/providers/Microsoft.PowerApps/apis/shared_microsoftforms","connectionName":"shared_microsoftforms","operationId":"GetFormResponseById"},"parameters":{"form_id":"@triggerBody()?['text']","response_id":"@items('Apply_to_each')?['resourceData/responseId']"},"authentication":{"value":"@json(decodeBase64(triggerOutputs().headers['X-MS-APIM-Tokens']))['$ConnectionKey']","type":"Raw"}}}},"runAfter":{"新しい応答が送信されるとき":["Succeeded"]},"metadata":{"operationMetadataId":"a59810d4-2975-4d75-983c-4a2b806505da"},"type":"Foreach","runtimeConfiguration":{"concurrency":{"repetitions":20}}}},"runAfter":{"変数を初期化する：formsResponce":["Succeeded"]},"expression":"@equals(variables('exitFlag'), true)","limit":{"count":10,"timeout":"P2D"},"metadata":{"operationMetadataId":"cc58cc49-59df-4411-99c9-73a7024c3764"},"type":"Until"},"マイ_プロフィールの取得_(V2)":{"runAfter":{"Do_until":["Succeeded"]},"metadata":{"operationMetadataId":"3af369a6-bed5-4e61-8c15-05a10aab137b"},"type":"OpenApiConnection","inputs":{"host":{"apiId":"/providers/Microsoft.PowerApps/apis/shared_office365users","connectionName":"shared_office365users","operationId":"MyProfile_V2"},"parameters":{},"authentication":{"value":"@json(decodeBase64(triggerOutputs().headers['X-MS-APIM-Tokens']))['$ConnectionKey']","type":"Raw"}}},"チャットまたはチャネルでメッセージを投稿する：結果":{"runAfter":{"マイ_プロフィールの取得_(V2)":["Succeeded"]},"metadata":{"operationMetadataId":"2a5f3e6b-c8f2-4be7-bd59-7b0bc5fd5bb3"},"type":"OpenApiConnection","inputs":{"host":{"apiId":"/providers/Microsoft.PowerApps/apis/shared_teams","connectionName":"shared_teams","operationId":"PostMessageToConversation"},"parameters":{"poster":"Flow bot","location":"Chat with Flow bot","body/recipient":"@outputs('マイ_プロフィールの取得_(V2)')?['body/mail']","body/messageBody":"<p>@{variables('formsResponce')}</p>"},"authentication":{"value":"@json(decodeBase64(triggerOutputs().headers['X-MS-APIM-Tokens']))['$ConnectionKey']","type":"Raw"}}},"ユーザー_プロフィールの取得_(V2)":{"runAfter":{"変数を初期化する：exitFlag":["Succeeded"]},"metadata":{"operationMetadataId":"550cd38d-1f62-4f21-9d89-b3ec3859dbbd"},"type":"OpenApiConnection","inputs":{"host":{"apiId":"/providers/Microsoft.PowerApps/apis/shared_office365users","connectionName":"shared_office365users","operationId":"UserProfile_V2"},"parameters":{"id":"@triggerBody()['email']"},"authentication":{"value":"@json(decodeBase64(triggerOutputs().headers['X-MS-APIM-Tokens']))['$ConnectionKey']","type":"Raw"}}},"変数を初期化する：formsResponce":{"runAfter":{"チャットまたはチャネルでメッセージを投稿する":["Succeeded"]},"metadata":{"operationMetadataId":"3fce5c40-638d-4a6c-855b-52cc668cacd3"},"type":"InitializeVariable","inputs":{"variables":[{"name":"formsResponce","type":"string","value":"<p>依頼しましたが、回答がありませんでした。</p>\n<br>\n<p><a href=\"https://forms.office.com/Pages/DesignPageV2.aspx?id=@{triggerBody()?['text']}\">依頼したフォーム<br></a></p>"}]}},"Do_until_2":{"actions":{"待ち時間":{"runAfter":{},"metadata":{"operationMetadataId":"ef591275-adc7-4e32-8ad0-94dea18cf0b2"},"type":"Wait","inputs":{"interval":{"count":1,"unit":"Day"}}},"チャットまたはチャネルでメッセージを投稿する：フォロー":{"runAfter":{"待ち時間":["Succeeded"]},"metadata":{"operationMetadataId":"cda94d1c-12c6-4791-8531-0f7d2c156fb5"},"type":"OpenApiConnection","inputs":{"host":{"apiId":"/providers/Microsoft.PowerApps/apis/shared_teams","connectionName":"shared_teams","operationId":"PostMessageToConversation"},"parameters":{"poster":"Flow bot","location":"Chat with Flow bot","body/recipient":"@{outputs('ユーザー_プロフィールの取得_(V2)')?['body/mail']};","body/messageBody":"<p>@{outputs('作成：通知文')}<br>\n</p>"},"authentication":{"value":"@json(decodeBase64(triggerOutputs().headers['X-MS-APIM-Tokens']))['$ConnectionKey']","type":"Raw"}}}},"runAfter":{"変数を初期化する：formsResponce":["Succeeded"]},"expression":"@equals(1, 2)","limit":{"count":60,"timeout":"PT1H"},"metadata":{"operationMetadataId":"94f6dab9-982a-424f-9653-599ed8f6bebd"},"type":"Until"},"終了":{"runAfter":{"チャットまたはチャネルでメッセージを投稿する：結果":["Succeeded"]},"metadata":{"operationMetadataId":"6c554ef0-2842-437a-8119-41da9e81f4fe"},"type":"Terminate","inputs":{"runStatus":"Succeeded"}}},"description":"特定のユーザーにFormsの回答を依頼するメッセージを送付し、そのユーザーからの回答を受け取るまで１日置きにフォローメッセージを送付するフローです。"},"connectionReferences":{"shared_teams":{"connectionName":"shared-teams-7b00b20f-d055-41d0-84f7-90746229e16d","source":"Invoker","id":"/providers/Microsoft.PowerApps/apis/shared_teams","tier":"NotSpecified"},"shared_microsoftforms":{"connectionName":"shared-microsoftform-4a9c409f-1ae7-450a-9cc5-e89ce4a4abec","source":"Invoker","id":"/providers/Microsoft.PowerApps/apis/shared_microsoftforms","tier":"NotSpecified"},"shared_office365users":{"connectionName":"0362f4c3a0324647b8158c189b872a92","source":"Invoker","id":"/providers/Microsoft.PowerApps/apis/shared_office365users","tier":"NotSpecified"}},"flowFailureAlertSubscribed":false,"isManaged":false}}