{"name":"a6d89e7c-e4e6-44e6-905d-f1e54864c9d8","id":"/providers/Microsoft.Flow/flows/a6d89e7c-e4e6-44e6-905d-f1e54864c9d8","type":"Microsoft.Flow/flows","properties":{"apiId":"/providers/Microsoft.PowerApps/apis/shared_logicflows","displayName":"グループチャットでのファイル再共有","definition":{"metadata":{"workflowEntityId":null,"processAdvisorMetadata":null,"flowChargedByPaygo":null,"flowclientsuspensionreason":"None","flowclientsuspensiontime":null,"flowclientsuspensionreasondetails":null,"creator":{"id":"0f195880-2ade-44be-8e99-006ca1aa5155","type":"User","tenantId":"b794cd83-44cc-447c-856e-a27e55624c65"},"provisioningMethod":"FromDefinition","failureAlertSubscription":true,"clientLastModifiedTime":"2023-08-06T12:43:46.7997135Z"},"$schema":"https://schema.management.azure.com/providers/Microsoft.Logic/schemas/2016-06-01/workflowdefinition.json#","contentVersion":"1.0.0.0","parameters":{"$connections":{"defaultValue":{},"type":"Object"},"$authentication":{"defaultValue":{},"type":"SecureObject"}},"triggers":{"manual":{"metadata":{"operationMetadataId":"34f6f0e6-8fe4-487e-a324-184153c3aaf0","flowSystemMetadata":{"swaggerOperationId":"ForASelectedMessageV2","taskModuleWidth":null,"taskModuleHeight":null,"inputsAdaptiveCard":"{}"}},"type":"Request","kind":"ApiConnection","inputs":{"schema":{"type":"object","properties":{"teamsFlowRunContext":{"type":"object","properties":{"conversation":{"type":"object","properties":{"id":{"title":"会話 ID","type":"string"}},"required":[]},"messagePayload":{"type":"object","properties":{"id":{"title":"メッセージ ID","type":"string"}},"required":[]}}}},"required":["teamsFlowRunContext"]},"host":{"connection":{"name":"@parameters('$connections')['shared_teams']['connectionId']"},"api":{"runtimeUrl":"https://flow-apim-unitedstates-002-westus-01.azure-apim.net/apim/teams"}},"operationId":"ForASelectedMessageV2","parameters":{"inputsAdaptiveCard":"{}"}}}},"actions":{"グループチャット？":{"actions":{},"runAfter":{"実行履歴":["Succeeded"]},"else":{"actions":{"Teams_のタスク_モジュールで応答_2":{"runAfter":{},"metadata":{"operationMetadataId":"3f4c9b56-29ce-4185-9a25-d64a170c2621"},"type":"Response","kind":"Teams","inputs":{"statusCode":200,"body":{"responseAdaptiveCard":"{\n    \"type\": \"AdaptiveCard\",\n    \"$schema\": \"http://adaptivecards.io/schemas/adaptive-card.json\",\n    \"version\": \"1.4\",\n    \"body\": [\n        {\n            \"type\": \"TextBlock\",\n            \"text\": \"グループチャットのメッセージではなかったので、フローを終了しました。\",\n            \"wrap\": true\n        },\n        {\n            \"type\": \"ActionSet\",\n            \"actions\": [\n                {\n                    \"type\": \"Action.OpenUrl\",\n                    \"title\": \"フロー実行履歴を開く\",\n                    \"url\": \"@{outputs('実行履歴')}\"\n                }\n            ]\n        }\n    ]\n}"},"schema":{"type":"object","properties":{"responseAdaptiveCard":{"title":"応答のアダプティブ カード","type":"string"}}}}},"終了":{"runAfter":{"Teams_のタスク_モジュールで応答_2":["Succeeded"]},"metadata":{"operationMetadataId":"b8265e43-8476-44ee-a4ca-cdb8e5d47c27"},"type":"Terminate","inputs":{"runStatus":"Cancelled"}}}},"expression":{"equals":["@empty(triggerBody()?['teamsFlowRunContext']?['channelData']?['channel'])",true]},"metadata":{"operationMetadataId":"ef02866b-24f6-4d02-9aef-2bd3d0e21380"},"type":"If"},"メッセージ詳細を取得する":{"runAfter":{"グループチャット？":["Succeeded"]},"metadata":{"operationMetadataId":"eea956e1-f2c5-4559-9697-4a3d2e469ba1"},"type":"OpenApiConnection","inputs":{"host":{"apiId":"/providers/Microsoft.PowerApps/apis/shared_teams","connectionName":"shared_teams","operationId":"GetMessageDetails"},"parameters":{"messageId":"@triggerBody()?['teamsFlowRunContext']?['messagePayload']?['id']","threadType":"groupchat","body/recipient":"@triggerBody()?['teamsFlowRunContext']?['conversation']?['id']"},"authentication":{"value":"@json(decodeBase64(triggerOutputs().headers['X-MS-APIM-Tokens']))['$ConnectionKey']","type":"Raw"}}},"Apply_to_each":{"foreach":"@body('personal_attachments')","actions":{"作成-library-":{"runAfter":{"作成-path-":["Succeeded"]},"metadata":{"operationMetadataId":"68a004c0-9ace-4181-904e-b1e03167c1e5"},"type":"Compose","inputs":"@outputs('作成-split-')?[5]"},"作成-dataset-":{"runAfter":{"作成-split-":["Succeeded"]},"metadata":{"operationMetadataId":"68a004c0-9ace-4181-904e-b1e03167c1e5"},"type":"Compose","inputs":"@join(take(outputs('作成-split-'), 5), '/')"},"作成-split-":{"runAfter":{},"metadata":{"operationMetadataId":"ecbd5129-bd12-4a56-8a09-561bc277df53"},"type":"Compose","inputs":"@split(decodeUriComponent(item()?['contentUrl']), '/')"},"作成-path-":{"runAfter":{"作成-dataset-":["Succeeded"]},"metadata":{"operationMetadataId":"f95e55d6-cef6-4703-9800-bc6de86913a8"},"type":"Compose","inputs":"@join(skip(outputs('作成-split-'), 5), '/')"},"パスによるファイル_メタデータの取得":{"runAfter":{"作成-library-":["Succeeded"]},"metadata":{"operationMetadataId":"5fcb04d8-79ac-4294-a870-3f9ca978f12c"},"type":"OpenApiConnection","inputs":{"host":{"apiId":"/providers/Microsoft.PowerApps/apis/shared_sharepointonline","connectionName":"shared_sharepointonline","operationId":"GetFileMetadataByPath"},"parameters":{"dataset":"@outputs('作成-dataset-')","path":"@outputs('作成-path-')"},"authentication":{"value":"@json(decodeBase64(triggerOutputs().headers['X-MS-APIM-Tokens']))['$ConnectionKey']","type":"Raw"}}},"アイテムまたはフォルダーへのアクセス権の付与":{"runAfter":{"パスによるファイル_メタデータの取得":["Succeeded"]},"metadata":{"operationMetadataId":"0e6b0433-9f55-4b95-bae7-d9e5c2e8345c"},"type":"OpenApiConnection","inputs":{"host":{"apiId":"/providers/Microsoft.PowerApps/apis/shared_sharepointonline","connectionName":"shared_sharepointonline","operationId":"GrantAccess"},"parameters":{"dataset":"@outputs('作成-dataset-')","table":"@outputs('作成-library-')","id":"@outputs('パスによるファイル_メタデータの取得')?['body/ItemId']","parameter/recipients":"@body('結合')","parameter/roleValue":"role:1073741827","parameter/sendEmail":false},"authentication":{"value":"@json(decodeBase64(triggerOutputs().headers['X-MS-APIM-Tokens']))['$ConnectionKey']","type":"Raw"}}}},"runAfter":{"変数を初期化する":["Succeeded"]},"metadata":{"operationMetadataId":"e6cfe9e2-2f7d-42cf-9078-ca2db7e25033"},"type":"Foreach","runtimeConfiguration":{"concurrency":{"repetitions":10}}},"添付ファイルあった？":{"actions":{},"runAfter":{"reference_attachments":["Succeeded"]},"else":{"actions":{"Teams_のタスク_モジュールで応答":{"runAfter":{},"metadata":{"operationMetadataId":"fdee2307-3724-4417-a7e9-bbfbf8a98546"},"type":"Response","kind":"Teams","inputs":{"statusCode":200,"body":{"responseAdaptiveCard":"{\n    \"type\": \"AdaptiveCard\",\n    \"$schema\": \"http://adaptivecards.io/schemas/adaptive-card.json\",\n    \"version\": \"1.4\",\n    \"body\": [\n        {\n            \"type\": \"TextBlock\",\n            \"text\": \"添付ファイルが見つからなかったので、フローを終了しました。\",\n            \"wrap\": true\n        },\n        {\n            \"type\": \"ActionSet\",\n            \"actions\": [\n                {\n                    \"type\": \"Action.OpenUrl\",\n                    \"title\": \"フロー実行履歴を開く\",\n                    \"url\": \"@{outputs('実行履歴')}\"\n                }\n            ]\n        }\n    ]\n}"},"schema":{"type":"object","properties":{"responseAdaptiveCard":{"title":"応答のアダプティブ カード","type":"string"}}}}},"終了_2":{"runAfter":{"Teams_のタスク_モジュールで応答":["Succeeded"]},"metadata":{"operationMetadataId":"3f93de3e-39dc-4f0e-8303-72d7264bbf1b"},"type":"Terminate","inputs":{"runStatus":"Cancelled"}}}},"expression":{"equals":["@empty(body('reference_attachments'))",false]},"metadata":{"operationMetadataId":"354b38c6-8d9d-40d1-8628-b9d127e7c277"},"type":"If"},"共有先":{"actions":{"List_members":{"runAfter":{},"metadata":{"operationMetadataId":"8a3d047b-8b72-4dd6-bf12-7e02b32b1d80"},"type":"OpenApiConnection","inputs":{"host":{"apiId":"/providers/Microsoft.PowerApps/apis/shared_teams","connectionName":"shared_teams","operationId":"ListMembers"},"parameters":{"threadType":"groupchat","body/recipient":"@triggerBody()?['teamsFlowRunContext']?['conversation']?['id']"},"authentication":{"value":"@json(decodeBase64(triggerOutputs().headers['X-MS-APIM-Tokens']))['$ConnectionKey']","type":"Raw"}}},"選択":{"runAfter":{"List_members":["Succeeded"]},"metadata":{"operationMetadataId":"e6e8ef80-f174-4100-947f-d71055b2210b"},"type":"Select","inputs":{"from":"@outputs('List_members')?['body/value']","select":"@item()?['email']"}},"結合":{"runAfter":{"選択":["Succeeded"]},"metadata":{"operationMetadataId":"47aff455-ab63-4da9-bd28-d4c1dd7e24d2"},"type":"Join","inputs":{"from":"@body('選択')","joinWith":";"}}},"runAfter":{"OneDriveのファイルだった？":["Succeeded"]},"metadata":{"operationMetadataId":"b0ba4789-a381-406e-b864-d16db619237f"},"type":"Scope"},"変数を初期化する":{"runAfter":{"共有先":["Succeeded"]},"metadata":{"operationMetadataId":"e1a9d18f-271a-44c1-8687-1c6b42d94009"},"type":"InitializeVariable","inputs":{"variables":[{"name":"result","type":"string"}]}},"reference_attachments":{"runAfter":{"メッセージ詳細を取得する":["Succeeded"]},"metadata":{"operationMetadataId":"f867dd2f-9bc7-4b64-86e7-9557c105da98"},"type":"Query","inputs":{"from":"@body('メッセージ詳細を取得する')?['attachments']","where":"@equals(item()?['contentType'], 'reference')"}},"実行履歴":{"runAfter":{},"metadata":{"operationMetadataId":"e68c5f15-17cc-421a-bd49-f855c22cdc2a"},"type":"Compose","inputs":"https://flow.microsoft.com/manage/environments/@{workflow()['tags']['environmentName']}/flows/@{workflow()['name']}/runs/@{workflow()['run/name']}"},"Teams_のタスク_モジュールで応答_3":{"runAfter":{"Apply_to_each":["Succeeded"]},"metadata":{"operationMetadataId":"fdee2307-3724-4417-a7e9-bbfbf8a98546"},"type":"Response","kind":"Teams","inputs":{"statusCode":200,"body":{"responseAdaptiveCard":"{\n    \"type\": \"AdaptiveCard\",\n    \"$schema\": \"http://adaptivecards.io/schemas/adaptive-card.json\",\n    \"version\": \"1.4\",\n    \"body\": [\n        {\n            \"type\": \"TextBlock\",\n            \"text\": \"フローの実行が完了しました。\",\n            \"wrap\": true\n        },\n        {\n            \"type\": \"ActionSet\",\n            \"actions\": [\n                {\n                    \"type\": \"Action.OpenUrl\",\n                    \"title\": \"フロー実行履歴を開く\",\n                    \"url\": \"@{outputs('実行履歴')}\"\n                }\n            ]\n        }\n    ]\n}"},"schema":{"type":"object","properties":{"responseAdaptiveCard":{"title":"応答のアダプティブ カード","type":"string"}}}}},"personal_attachments":{"runAfter":{"添付ファイルあった？":["Succeeded"]},"metadata":{"operationMetadataId":"a5ac27eb-4904-4a58-ae71-a896bcb42a5c"},"type":"Query","inputs":{"from":"@body('reference_attachments')","where":"@equals(split(decodeUriComponent(item()?['contentUrl']), '/')?[3], 'personal')"}},"OneDriveのファイルだった？":{"actions":{},"runAfter":{"personal_attachments":["Succeeded"]},"else":{"actions":{"Teams_のタスク_モジュールで応答_4":{"runAfter":{},"metadata":{"operationMetadataId":"fdee2307-3724-4417-a7e9-bbfbf8a98546"},"type":"Response","kind":"Teams","inputs":{"statusCode":200,"body":{"responseAdaptiveCard":"{\n    \"type\": \"AdaptiveCard\",\n    \"$schema\": \"http://adaptivecards.io/schemas/adaptive-card.json\",\n    \"version\": \"1.4\",\n    \"body\": [\n        {\n            \"type\": \"TextBlock\",\n            \"text\": \"OneDriveから共有されたファイルではなかったので、フローを終了しました。\",\n            \"wrap\": true\n        },\n        {\n            \"type\": \"ActionSet\",\n            \"actions\": [\n                {\n                    \"type\": \"Action.OpenUrl\",\n                    \"title\": \"フロー実行履歴を開く\",\n                    \"url\": \"@{outputs('実行履歴')}\"\n                }\n            ]\n        }\n    ]\n}"},"schema":{"type":"object","properties":{"responseAdaptiveCard":{"title":"応答のアダプティブ カード","type":"string"}}}}},"終了_3":{"runAfter":{"Teams_のタスク_モジュールで応答_4":["Succeeded"]},"metadata":{"operationMetadataId":"3f93de3e-39dc-4f0e-8303-72d7264bbf1b"},"type":"Terminate","inputs":{"runStatus":"Cancelled"}}}},"expression":{"equals":["@empty(body('personal_attachments'))",false]},"metadata":{"operationMetadataId":"354b38c6-8d9d-40d1-8628-b9d127e7c277"},"type":"If"}}},"connectionReferences":{"shared_teams":{"connectionName":"shared-teams-7b00b20f-d055-41d0-84f7-90746229e16d","source":"Invoker","id":"/providers/Microsoft.PowerApps/apis/shared_teams","tier":"NotSpecified"},"shared_sharepointonline":{"connectionName":"016b62027eaa4813bb97cccf803d401c","source":"Invoker","id":"/providers/Microsoft.PowerApps/apis/shared_sharepointonline","tier":"NotSpecified"}},"flowFailureAlertSubscribed":false,"isManaged":false}}