{"name":"d42bc9f0-39ad-4c79-b141-7b81be262082","id":"/providers/Microsoft.Flow/flows/d42bc9f0-39ad-4c79-b141-7b81be262082","type":"Microsoft.Flow/flows","properties":{"apiId":"/providers/Microsoft.PowerApps/apis/shared_logicflows","displayName":"問い合わせフォーム_添付ファイルをリンク登録","definition":{"metadata":{"workflowEntityId":null,"processAdvisorMetadata":null,"flowclientsuspensionreason":"None","flowclientsuspensiontime":null,"flowclientsuspensionreasondetails":null,"creator":{"id":"0f195880-2ade-44be-8e99-006ca1aa5155","type":"User","tenantId":"b794cd83-44cc-447c-856e-a27e55624c65"},"provisioningMethod":"FromDefinition","failureAlertSubscription":true,"clientLastModifiedTime":"2023-03-05T09:27:44.5022853Z"},"$schema":"https://schema.management.azure.com/providers/Microsoft.Logic/schemas/2016-06-01/workflowdefinition.json#","contentVersion":"1.0.0.0","parameters":{"$connections":{"defaultValue":{},"type":"Object"},"$authentication":{"defaultValue":{},"type":"SecureObject"}},"triggers":{"新しい応答が送信されるとき":{"splitOn":"@triggerOutputs()?['body/value']","metadata":{"operationMetadataId":"33f38c8a-27f9-4206-a266-ecf1ceea2416"},"type":"OpenApiConnectionWebhook","inputs":{"host":{"apiId":"/providers/Microsoft.PowerApps/apis/shared_microsoftforms","connectionName":"shared_microsoftforms","operationId":"CreateFormWebhook"},"parameters":{"form_id":"g82Ut8xEfESFbqJ-VWJMZcX18J0J4MdJubyfsvOSS_lUMlk4VlkyRlJHME45VEdIVU9KMk5KM1ZJViQlQCN0PWcu"},"authentication":"@parameters('$authentication')"}}},"actions":{"応答の詳細を取得する":{"runAfter":{},"metadata":{"operationMetadataId":"6ba43d2f-8bcd-418c-8696-29e7f331a207"},"type":"OpenApiConnection","inputs":{"host":{"apiId":"/providers/Microsoft.PowerApps/apis/shared_microsoftforms","connectionName":"shared_microsoftforms","operationId":"GetFormResponseById"},"parameters":{"form_id":"g82Ut8xEfESFbqJ-VWJMZcX18J0J4MdJubyfsvOSS_lUMlk4VlkyRlJHME45VEdIVU9KMk5KM1ZJViQlQCN0PWcu","response_id":"@triggerOutputs()?['body/resourceData/responseId']"},"authentication":"@parameters('$authentication')"}},"条件":{"actions":{},"runAfter":{"変数を初期化する-icon-":["Succeeded"]},"else":{"actions":{"作成":{"runAfter":{},"metadata":{"operationMetadataId":"bf9bdb2e-7f83-4a15-a38a-7387b12ce5d8"},"type":"Compose","inputs":"@json(outputs('応答の詳細を取得する')?['body/r1d673a3ccb5841f2bfa664122904ce3a'])"},"JSON_の解析":{"runAfter":{"作成":["Succeeded"]},"metadata":{"operationMetadataId":"0bec80f4-5a2f-4253-8e6d-71d623b48d49"},"type":"ParseJson","inputs":{"content":"@outputs('作成')","schema":{"type":"array","items":{"type":"object","properties":{"name":{"type":"string"},"link":{"type":"string"},"id":{"type":"string"},"type":{},"size":{"type":"integer"},"referenceId":{"type":"string"},"driveId":{"type":"string"},"status":{"type":"integer"},"uploadSessionUrl":{}},"required":[]}}}},"Apply_to_each":{"foreach":"@body('JSON_の解析')","actions":{"パスによるファイル_メタデータの取得":{"runAfter":{},"metadata":{"operationMetadataId":"0b3cc12a-8944-4e3e-9034-837049b312c2"},"type":"OpenApiConnection","inputs":{"host":{"apiId":"/providers/Microsoft.PowerApps/apis/shared_sharepointonline","connectionName":"shared_sharepointonline","operationId":"GetFileMetadataByPath"},"parameters":{"dataset":"https://v45dm.sharepoint.com/sites/msteams_cb18e4","path":"/Shared Documents/アプリ/Microsoft Forms/添付付きお問い合わせフォーム/質問/@{items('Apply_to_each')['name']}"},"authentication":"@parameters('$authentication')"}},"作成_icon":{"runAfter":{"パスによるファイル_メタデータの取得":["Succeeded"]},"metadata":{"operationMetadataId":"21467eb2-bbf4-438e-a954-67acdd142c95"},"type":"Compose","inputs":"@variables('icon')?[last(split(item()?['name'],'.'))]"},"文字列変数に追加":{"runAfter":{"作成_icon":["Succeeded"]},"metadata":{"operationMetadataId":"3f3e8cae-5701-4b9d-8284-27a0a4af9d32"},"type":"AppendToStringVariable","inputs":{"name":"LinkText","value":">@{items('Apply_to_each')['name']}<@{outputs('作成_icon')}|@{items('Apply_to_each')?['link']}"}}},"runAfter":{"JSON_の解析":["Succeeded"]},"metadata":{"operationMetadataId":"d384faba-865f-4648-92d6-ffacf3f0b908"},"type":"Foreach","runtimeConfiguration":{"concurrency":{"repetitions":50}}}}},"expression":{"equals":["@empty(outputs('応答の詳細を取得する')?['body/r1d673a3ccb5841f2bfa664122904ce3a'])",""]},"metadata":{"operationMetadataId":"002871be-de1c-4a00-a31e-756bbb8e4ea9"},"type":"If"},"項目の作成":{"runAfter":{"条件":["Succeeded"]},"metadata":{"operationMetadataId":"a9738435-88f7-4ef2-8495-36ea5ba0c55e"},"type":"OpenApiConnection","inputs":{"host":{"apiId":"/providers/Microsoft.PowerApps/apis/shared_sharepointonline","connectionName":"shared_sharepointonline","operationId":"PostItem"},"parameters":{"dataset":"https://v45dm.sharepoint.com/sites/msteams_cb18e4","table":"e8796965-6d68-4677-a4ee-ff32cbf87fe1","item/FormsID":"@triggerOutputs()?['body/resourceData/responseId']","item/Status/Value":"未対応","item/Category/Value":"@outputs('応答の詳細を取得する')?['body/r71da97a34cbe4a54b1b2ffd6716f67a2']","item/Text":"@outputs('応答の詳細を取得する')?['body/rf5855fd2c7224513bb6a1a587a0acd01']","item/Responder/Claims":"@outputs('応答の詳細を取得する')?['body/responder']","item/Link":"@variables('LinkText')"},"authentication":"@parameters('$authentication')"}},"変数を初期化する-icon-":{"runAfter":{"変数を初期化する-LinkText-":["Succeeded"]},"metadata":{"operationMetadataId":"e94f771c-dc4c-4e3b-88c1-bfe972838ae6"},"type":"InitializeVariable","inputs":{"variables":[{"name":"icon","type":"object","value":{"doc":"WordDocument","dot":"WordDocument","wbk":"WordDocument","docx":"WordDocument","docm":"WordDocument","dotx":"WordDocument","dotm":"WordDocument","docb":"WordDocument","xls":"ExcelDocument","xlt":"ExcelDocument","xlm":"ExcelDocument","xlsx":"ExcelDocument","xlsm":"ExcelDocument","xltx":"ExcelDocument","xltm":"ExcelDocument","ppt":"PowerPointDocument","pot":"PowerPointDocument","pps":"PowerPointDocument","pptx":"PowerPointDocument","pptm":"PowerPointDocument","potx":"PowerPointDocument","potm":"PowerPointDocument","ppam":"PowerPointDocument","ppsx":"PowerPointDocument","ppsm":"PowerPointDocument","sldx":"PowerPointDocument","sldm":"PowerPointDocument","pdf":"PDF","jpg":"FileImage","jpeg":"FileImage","png":"FileImage","gif":"FileImage","bmp":"FileImage","tiff":"FileImage","psd":"FileImage","thm":"FileImage","yuv":"FileImage","ai":"FileImage","drw":"FileImage","eps":"FileImage","ps":"FileImage","svg":"FileImage","3dm":"FileImage","max":"FileImage","avi":"Video","mp4":"Video","mov":"Video","wmv":"Video","asf":"Video","3g2":"Video","3gp":"Video","asx":"Video","fl":"Video","mpg":"Video","rm":"Video","wf":"Video","vob":"Video","mp3":"MusicInCollectionFill","aif":"MusicInCollectionFill","iff":"MusicInCollectionFill","m3u":"MusicInCollectionFill","m4a":"MusicInCollectionFill","mid":"MusicInCollectionFill","mpa":"MusicInCollectionFill","ra":"MusicInCollectionFill","wav":"MusicInCollectionFill","wma":"MusicInCollectionFill"}}]},"description":"https://support.microsoft.com/ja-jp/office/ファイルのアップロードを許可するための質問を追加する-6a75a658-c02b-450e-b119-d068f3cba4cf#:~:text=%5Bファイルの種類%20%5D%20-%20アップロード,オーディオ)%20を選択します。"},"変数を初期化する-LinkText-":{"runAfter":{"応答の詳細を取得する":["Succeeded"]},"metadata":{"operationMetadataId":"d6663ece-8f8e-4d70-819d-f04a516aa6fe"},"type":"InitializeVariable","inputs":{"variables":[{"name":"LinkText","type":"string"}]}}}},"connectionReferences":{"shared_microsoftforms":{"connectionName":"shared-microsoftform-4a9c409f-1ae7-450a-9cc5-e89ce4a4abec","source":"Embedded","id":"/providers/Microsoft.PowerApps/apis/shared_microsoftforms","tier":"NotSpecified"},"shared_sharepointonline":{"connectionName":"016b62027eaa4813bb97cccf803d401c","source":"Embedded","id":"/providers/Microsoft.PowerApps/apis/shared_sharepointonline","tier":"NotSpecified"}},"flowFailureAlertSubscribed":false,"isManaged":false}}