{"name":"b14bcb95-14d4-476a-9264-3487c96f0acb","id":"/providers/Microsoft.Flow/flows/b14bcb95-14d4-476a-9264-3487c96f0acb","type":"Microsoft.Flow/flows","properties":{"apiId":"/providers/Microsoft.PowerApps/apis/shared_logicflows","displayName":"問い合わせフォームの受付","definition":{"metadata":{"workflowEntityId":null,"processAdvisorMetadata":null,"flowclientsuspensionreason":"None","flowclientsuspensiontime":null,"flowclientsuspensionreasondetails":null,"creator":{"id":"0f195880-2ade-44be-8e99-006ca1aa5155","type":"User","tenantId":"b794cd83-44cc-447c-856e-a27e55624c65"},"provisioningMethod":"FromDefinition","failureAlertSubscription":true,"clientLastModifiedTime":"2023-01-21T14:00:51.1236353Z"},"$schema":"https://schema.management.azure.com/providers/Microsoft.Logic/schemas/2016-06-01/workflowdefinition.json#","contentVersion":"1.0.0.0","parameters":{"$connections":{"defaultValue":{},"type":"Object"},"$authentication":{"defaultValue":{},"type":"SecureObject"}},"triggers":{"新しい応答が送信されるとき":{"splitOn":"@triggerOutputs()?['body/value']","metadata":{"operationMetadataId":"1ad1682c-a40a-4792-9926-8c3523bcdeb3"},"type":"OpenApiConnectionWebhook","inputs":{"host":{"apiId":"/providers/Microsoft.PowerApps/apis/shared_microsoftforms","connectionName":"shared_microsoftforms","operationId":"CreateFormWebhook"},"parameters":{"form_id":"g82Ut8xEfESFbqJ-VWJMZYBYGQ_eKr5EjpkAbKGqUVVUMFNBSVdSRjNJNjlJQkIyQlIxRkZHVkE5US4u"},"authentication":"@parameters('$authentication')"}}},"actions":{"チャットやチャネルにアダプティブ_カードを投稿する":{"runAfter":{"作成":["Succeeded"]},"metadata":{"operationMetadataId":"1f680fd9-c9f1-4e82-bd9e-7dce6575f196"},"type":"OpenApiConnection","inputs":{"host":{"apiId":"/providers/Microsoft.PowerApps/apis/shared_teams","connectionName":"shared_teams","operationId":"PostCardToConversation"},"parameters":{"poster":"Flow bot","location":"Channel","body/recipient/groupId":"9df0f5c5-e009-49c7-b9bc-9fb2f3924bf9","body/recipient/channelId":"19:1a17026feb85493097be59032f76d567@thread.tacv2","body/messageBody":"{\n    \"type\": \"AdaptiveCard\",\n    \"$schema\": \"http://adaptivecards.io/schemas/adaptive-card.json\",\n    \"version\": \"1.4\",\n    \"body\": [\n        {\n            \"type\": \"Container\",\n            \"items\": [\n                {\n                    \"type\": \"TextBlock\",\n                    \"text\": \"@{outputs('項目の作成')?['body/ID']}\",\n                    \"wrap\": true\n                }\n            ]\n        },\n        {\n            \"type\": \"Container\",\n            \"items\": [\n                {\n                    \"type\": \"TextBlock\",\n                    \"text\": \"お問い合わせ\",\n                    \"wrap\": true,\n                    \"weight\": \"Bolder\",\n                    \"size\": \"Large\"\n                }\n            ]\n        },\n        {\n            \"type\": \"Container\",\n            \"items\": [\n                {\n                    \"type\": \"ColumnSet\",\n                    \"columns\": [\n                        {\n                            \"type\": \"Column\",\n                            \"width\": \"stretch\",\n                            \"items\": [\n                                {\n                                    \"type\": \"TextBlock\",\n                                    \"text\": \"投稿者\",\n                                    \"wrap\": true\n                                }\n                            ]\n                        },\n                        {\n                            \"type\": \"Column\",\n                            \"width\": \"stretch\",\n                            \"items\": [\n                                {\n                                    \"type\": \"TextBlock\",\n                                    \"text\": \"@{outputs('ユーザー_プロフィールの取得_(V2)')?['body/displayName']}\",\n                                    \"wrap\": true\n                                }\n                            ]\n                        }\n                    ]\n                }\n            ]\n        },\n        {\n            \"type\": \"Container\",\n            \"items\": [\n                {\n                    \"type\": \"ColumnSet\",\n                    \"columns\": [\n                        {\n                            \"type\": \"Column\",\n                            \"width\": \"stretch\",\n                            \"items\": [\n                                {\n                                    \"type\": \"TextBlock\",\n                                    \"text\": \"分類\",\n                                    \"wrap\": true\n                                }\n                            ]\n                        },\n                        {\n                            \"type\": \"Column\",\n                            \"width\": \"stretch\",\n                            \"items\": [\n                                {\n                                    \"type\": \"TextBlock\",\n                                    \"text\": \"@{outputs('応答の詳細を取得する')?['body/rea6ffaf77ced41bcb59d1d0314e7a58d']}\",\n                                    \"wrap\": true\n                                }\n                            ]\n                        }\n                    ]\n                }\n            ]\n        },\n        {\n            \"type\": \"ColumnSet\",\n            \"columns\": [\n                {\n                    \"type\": \"Column\",\n                    \"width\": \"stretch\",\n                    \"items\": [\n                        {\n                            \"type\": \"TextBlock\",\n                            \"text\": \"内容\",\n                            \"wrap\": true\n                        }\n                    ]\n                },\n                {\n                    \"type\": \"Column\",\n                    \"width\": \"stretch\",\n                    \"items\": [\n                        {\n                            \"type\": \"TextBlock\",\n                            \"text\": \"@{outputs('応答の詳細を取得する')?['body/r70377882ce454340908f93642973022c']}\",\n                            \"wrap\": true\n                        }\n                    ]\n                }\n            ]\n        },\n        {\n            \"type\": \"Input.ChoiceSet\",\n            \"choices\": [\n                {\n                    \"title\": \"未対応\",\n                    \"value\": \"未対応\"\n                },\n                {\n                    \"title\": \"対応中\",\n                    \"value\": \"対応中\"\n                },\n                {\n                    \"title\": \"完了\",\n                    \"value\": \"完了\"\n                }\n            ],\n            \"placeholder\": \"Placeholder text\",\n            \"id\": \"Choices\"\n        }\n    ],\n    \"actions\": [\n        {\n            \"type\": \"Action.Submit\",\n            \"title\": \"状況を更新する\",\n            \"style\": \"positive\",\n            \"id\": \"post\"\n        },\n        {\n            \"type\": \"Action.OpenUrl\",\n            \"title\": \"リストを開く\",\n            \"url\": \"@{outputs('項目の作成')?['body/{Link}']}\"\n        }\n    ]\n}","body/cardTypeId":"toiawaseForm"},"authentication":"@parameters('$authentication')"}},"応答の詳細を取得する":{"runAfter":{},"metadata":{"operationMetadataId":"acaf7777-dc78-48b5-bc33-be2f11c01b40"},"type":"OpenApiConnection","inputs":{"host":{"apiId":"/providers/Microsoft.PowerApps/apis/shared_microsoftforms","connectionName":"shared_microsoftforms","operationId":"GetFormResponseById"},"parameters":{"form_id":"g82Ut8xEfESFbqJ-VWJMZYBYGQ_eKr5EjpkAbKGqUVVUMFNBSVdSRjNJNjlJQkIyQlIxRkZHVkE5US4u","response_id":"@triggerOutputs()?['body/resourceData/responseId']"},"authentication":"@parameters('$authentication')"}},"項目の作成":{"runAfter":{"ユーザー_プロフィールの取得_(V2)":["Succeeded"]},"metadata":{"operationMetadataId":"98df4264-2fcf-4ad2-9847-d948a1a09b34"},"type":"OpenApiConnection","inputs":{"host":{"apiId":"/providers/Microsoft.PowerApps/apis/shared_sharepointonline","connectionName":"shared_sharepointonline","operationId":"PostItem"},"parameters":{"dataset":"https://v45dm.sharepoint.com/sites/msteams_cb18e4","table":"fc654c16-2663-4e84-b633-24a40691263b","item/Status/Value":"未対応","item/Category/Value":"@outputs('応答の詳細を取得する')?['body/rea6ffaf77ced41bcb59d1d0314e7a58d']","item/Text":"@outputs('応答の詳細を取得する')?['body/r70377882ce454340908f93642973022c']","item/Responder/Claims":"@outputs('ユーザー_プロフィールの取得_(V2)')?['body/userPrincipalName']"},"authentication":"@parameters('$authentication')"}},"ユーザー_プロフィールの取得_(V2)":{"runAfter":{"応答の詳細を取得する":["Succeeded"]},"metadata":{"operationMetadataId":"720d4300-e174-49a9-808a-8c2df500b575"},"type":"OpenApiConnection","inputs":{"host":{"apiId":"/providers/Microsoft.PowerApps/apis/shared_office365users","connectionName":"shared_office365users","operationId":"UserProfile_V2"},"parameters":{"id":"@outputs('応答の詳細を取得する')?['body/responder']"},"authentication":"@parameters('$authentication')"}},"作成":{"runAfter":{"項目の作成":["Succeeded"]},"metadata":{"operationMetadataId":"33f4df3c-167d-4dcc-aea9-2f9c8de5e13d"},"type":"Compose","inputs":"https://upload.wikimedia.org/wikipedia/commons/thumb/e/e1/Microsoft_Office_SharePoint_%282019%E2%80%93present%29.svg/768px-Microsoft_Office_SharePoint_%282019%E2%80%93present%29.svg.png"},"項目の更新":{"runAfter":{"チャットやチャネルにアダプティブ_カードを投稿する":["Succeeded"]},"metadata":{"operationMetadataId":"f8ae9d00-1eeb-492c-8c67-1f05780fe46a"},"type":"OpenApiConnection","inputs":{"host":{"apiId":"/providers/Microsoft.PowerApps/apis/shared_sharepointonline","connectionName":"shared_sharepointonline","operationId":"PatchItem"},"parameters":{"dataset":"https://v45dm.sharepoint.com/sites/msteams_cb18e4","table":"fc654c16-2663-4e84-b633-24a40691263b","id":"@outputs('項目の作成')?['body/ID']","item/Link":"@outputs('チャットやチャネルにアダプティブ_カードを投稿する')?['body/messageLink']"},"authentication":"@parameters('$authentication')"}}}},"connectionReferences":{"shared_teams":{"connectionName":"shared-teams-7b00b20f-d055-41d0-84f7-90746229e16d","source":"Embedded","id":"/providers/Microsoft.PowerApps/apis/shared_teams","tier":"NotSpecified"},"shared_microsoftforms":{"connectionName":"shared-microsoftform-4a9c409f-1ae7-450a-9cc5-e89ce4a4abec","source":"Embedded","id":"/providers/Microsoft.PowerApps/apis/shared_microsoftforms","tier":"NotSpecified"},"shared_sharepointonline":{"connectionName":"016b62027eaa4813bb97cccf803d401c","source":"Embedded","id":"/providers/Microsoft.PowerApps/apis/shared_sharepointonline","tier":"NotSpecified"},"shared_office365users":{"connectionName":"0362f4c3a0324647b8158c189b872a92","source":"Embedded","id":"/providers/Microsoft.PowerApps/apis/shared_office365users","tier":"NotSpecified"}},"flowFailureAlertSubscribed":false,"isManaged":false}}