{"name":"a7c6df30-8ce0-4e3a-b20f-faca1c8a1936","id":"/providers/Microsoft.Flow/flows/a7c6df30-8ce0-4e3a-b20f-faca1c8a1936","type":"Microsoft.Flow/flows","properties":{"apiId":"/providers/Microsoft.PowerApps/apis/shared_logicflows","displayName":"問い合わせ>アダプティブカード","definition":{"metadata":{"workflowEntityId":null,"processAdvisorMetadata":null,"flowclientsuspensionreason":"None","flowclientsuspensiontime":null,"flowclientsuspensionreasondetails":null,"creator":{"id":"0f195880-2ade-44be-8e99-006ca1aa5155","type":"User","tenantId":"b794cd83-44cc-447c-856e-a27e55624c65"},"provisioningMethod":"FromDefinition","failureAlertSubscription":true,"clientLastModifiedTime":"2023-01-21T14:25:39.8602798Z"},"$schema":"https://schema.management.azure.com/providers/Microsoft.Logic/schemas/2016-06-01/workflowdefinition.json#","contentVersion":"1.0.0.0","parameters":{"$connections":{"defaultValue":{},"type":"Object"},"$authentication":{"defaultValue":{},"type":"SecureObject"}},"triggers":{"manual":{"splitOn":"@triggerBody()['rows']","metadata":{"operationMetadataId":"0728137d-e48a-448e-864c-43fd8ec96b59","flowSystemMetadata":{"swaggerOperationId":"TeamsCardTrigger","taskModuleWidth":null,"taskModuleHeight":null,"inputsAdaptiveCard":"{\n    \"type\": \"AdaptiveCard\",\n    \"$schema\": \"http://adaptivecards.io/schemas/adaptive-card.json\",\n    \"version\": \"1.4\",\n    \"body\": [\n        {\n            \"type\": \"Container\",\n            \"items\": [\n                {\n                    \"type\": \"TextBlock\",\n                    \"text\": \"\",\n                    \"wrap\": true\n                }\n            ]\n        },\n        {\n            \"type\": \"Container\",\n            \"items\": [\n                {\n                    \"type\": \"TextBlock\",\n                    \"text\": \"お問い合わせ\",\n                    \"wrap\": true,\n                    \"weight\": \"Bolder\",\n                    \"size\": \"Large\"\n                }\n            ]\n        },\n        {\n            \"type\": \"Container\",\n            \"items\": [\n                {\n                    \"type\": \"ColumnSet\",\n                    \"columns\": [\n                        {\n                            \"type\": \"Column\",\n                            \"width\": \"stretch\",\n                            \"items\": [\n                                {\n                                    \"type\": \"TextBlock\",\n                                    \"text\": \"投稿者\",\n                                    \"wrap\": true\n                                }\n                            ]\n                        },\n                        {\n                            \"type\": \"Column\",\n                            \"width\": \"stretch\",\n                            \"items\": [\n                                {\n                                    \"type\": \"TextBlock\",\n                                    \"text\": \"\",\n                                    \"wrap\": true\n                                }\n                            ]\n                        }\n                    ]\n                }\n            ]\n        },\n        {\n            \"type\": \"Container\",\n            \"items\": [\n                {\n                    \"type\": \"ColumnSet\",\n                    \"columns\": [\n                        {\n                            \"type\": \"Column\",\n                            \"width\": \"stretch\",\n                            \"items\": [\n                                {\n                                    \"type\": \"TextBlock\",\n                                    \"text\": \"分類\",\n                                    \"wrap\": true\n                                }\n                            ]\n                        },\n                        {\n                            \"type\": \"Column\",\n                            \"width\": \"stretch\",\n                            \"items\": [\n                                {\n                                    \"type\": \"TextBlock\",\n                                    \"text\": \"\",\n                                    \"wrap\": true\n                                }\n                            ]\n                        }\n                    ]\n                }\n            ]\n        },\n        {\n            \"type\": \"ColumnSet\",\n            \"columns\": [\n                {\n                    \"type\": \"Column\",\n                    \"width\": \"stretch\",\n                    \"items\": [\n                        {\n                            \"type\": \"TextBlock\",\n                            \"text\": \"内容\",\n                            \"wrap\": true\n                        }\n                    ]\n                },\n                {\n                    \"type\": \"Column\",\n                    \"width\": \"stretch\",\n                    \"items\": [\n                        {\n                            \"type\": \"TextBlock\",\n                            \"text\": \"\",\n                            \"wrap\": true\n                        }\n                    ]\n                }\n            ]\n        },\n        {\n            \"type\": \"Input.ChoiceSet\",\n            \"choices\": [\n                {\n                    \"title\": \"未対応\",\n                    \"value\": \"未対応\"\n                },\n                {\n                    \"title\": \"対応中\",\n                    \"value\": \"対応中\"\n                },\n                {\n                    \"title\": \"完了\",\n                    \"value\": \"完了\"\n                }\n            ],\n            \"placeholder\": \"Placeholder text\",\n            \"id\": \"Choices\"\n        }\n    ],\n    \"actions\": [\n        {\n            \"type\": \"Action.Submit\",\n            \"title\": \"状況を更新する\",\n            \"style\": \"positive\",\n            \"id\": \"post\"\n        },\n        {\n            \"type\": \"Action.OpenUrl\",\n            \"title\": \"リストを開く\",\n            \"url\": \"\"\n        }\n    ]\n}"}},"type":"Request","kind":"ApiConnection","inputs":{"schema":{"type":"object","properties":{"rows":{"type":"array","items":{"type":"object","properties":{"entity":{"type":"object","properties":{"teamsFlowRunContext":{"type":"object","properties":{"messagePayload":{"title":"messagePayload","type":"object","properties":{"id":{"title":"メッセージ ID","type":"string"},"from":{"type":"object","properties":{"user":{"type":"object","properties":{"id":{"title":"反応したユーザーの ID","type":"string"}},"required":[]}},"required":[]}},"required":[]},"channelData":{"type":"object","properties":{"team":{"type":"object","properties":{"aadGroupId":{"title":"チーム ID","type":"string"}},"required":[]},"channel":{"type":"object","properties":{"id":{"title":"チャネル ID","type":"string"}},"required":[]}},"required":[]}}},"cardOutputs":{"type":"object","properties":{"choices":{"title":"choices","type":"string"}}}},"required":["teamsFlowRunContext","cardOutputs"]}},"required":["entity"]}}},"required":["rows"]},"host":{"connection":{"name":"@parameters('$connections')['shared_teams']['connectionId']"},"api":{"runtimeUrl":"https://flow-apim-unitedstates-002-westus-01.azure-apim.net/apim/teams"}},"operationId":"TeamsCardTrigger","parameters":{"inputsAdaptiveCard":"{\n    \"type\": \"AdaptiveCard\",\n    \"$schema\": \"http://adaptivecards.io/schemas/adaptive-card.json\",\n    \"version\": \"1.4\",\n    \"body\": [\n        {\n            \"type\": \"Container\",\n            \"items\": [\n                {\n                    \"type\": \"TextBlock\",\n                    \"text\": \"\",\n                    \"wrap\": true\n                }\n            ]\n        },\n        {\n            \"type\": \"Container\",\n            \"items\": [\n                {\n                    \"type\": \"TextBlock\",\n                    \"text\": \"お問い合わせ\",\n                    \"wrap\": true,\n                    \"weight\": \"Bolder\",\n                    \"size\": \"Large\"\n                }\n            ]\n        },\n        {\n            \"type\": \"Container\",\n            \"items\": [\n                {\n                    \"type\": \"ColumnSet\",\n                    \"columns\": [\n                        {\n                            \"type\": \"Column\",\n                            \"width\": \"stretch\",\n                            \"items\": [\n                                {\n                                    \"type\": \"TextBlock\",\n                                    \"text\": \"投稿者\",\n                                    \"wrap\": true\n                                }\n                            ]\n                        },\n                        {\n                            \"type\": \"Column\",\n                            \"width\": \"stretch\",\n                            \"items\": [\n                                {\n                                    \"type\": \"TextBlock\",\n                                    \"text\": \"\",\n                                    \"wrap\": true\n                                }\n                            ]\n                        }\n                    ]\n                }\n            ]\n        },\n        {\n            \"type\": \"Container\",\n            \"items\": [\n                {\n                    \"type\": \"ColumnSet\",\n                    \"columns\": [\n                        {\n                            \"type\": \"Column\",\n                            \"width\": \"stretch\",\n                            \"items\": [\n                                {\n                                    \"type\": \"TextBlock\",\n                                    \"text\": \"分類\",\n                                    \"wrap\": true\n                                }\n                            ]\n                        },\n                        {\n                            \"type\": \"Column\",\n                            \"width\": \"stretch\",\n                            \"items\": [\n                                {\n                                    \"type\": \"TextBlock\",\n                                    \"text\": \"\",\n                                    \"wrap\": true\n                                }\n                            ]\n                        }\n                    ]\n                }\n            ]\n        },\n        {\n            \"type\": \"ColumnSet\",\n            \"columns\": [\n                {\n                    \"type\": \"Column\",\n                    \"width\": \"stretch\",\n                    \"items\": [\n                        {\n                            \"type\": \"TextBlock\",\n                            \"text\": \"内容\",\n                            \"wrap\": true\n                        }\n                    ]\n                },\n                {\n                    \"type\": \"Column\",\n                    \"width\": \"stretch\",\n                    \"items\": [\n                        {\n                            \"type\": \"TextBlock\",\n                            \"text\": \"\",\n                            \"wrap\": true\n                        }\n                    ]\n                }\n            ]\n        },\n        {\n            \"type\": \"Input.ChoiceSet\",\n            \"choices\": [\n                {\n                    \"title\": \"未対応\",\n                    \"value\": \"未対応\"\n                },\n                {\n                    \"title\": \"対応中\",\n                    \"value\": \"対応中\"\n                },\n                {\n                    \"title\": \"完了\",\n                    \"value\": \"完了\"\n                }\n            ],\n            \"placeholder\": \"Placeholder text\",\n            \"id\": \"Choices\"\n        }\n    ],\n    \"actions\": [\n        {\n            \"type\": \"Action.Submit\",\n            \"title\": \"状況を更新する\",\n            \"style\": \"positive\",\n            \"id\": \"post\"\n        },\n        {\n            \"type\": \"Action.OpenUrl\",\n            \"title\": \"リストを開く\",\n            \"url\": \"\"\n        }\n    ]\n}","CardTypeId":"toiawaseForm"}}}},"actions":{"メッセージ詳細を取得する":{"runAfter":{"ユーザー_プロフィールの取得_(V2)":["Succeeded"]},"metadata":{"operationMetadataId":"b041c52e-1a89-43b1-8eb7-209efae74d7b"},"type":"OpenApiConnection","inputs":{"host":{"apiId":"/providers/Microsoft.PowerApps/apis/shared_teams","connectionName":"shared_teams","operationId":"GetMessageDetails"},"parameters":{"messageId":"@triggerBody()?['entity']?['teamsFlowRunContext']?['messagePayload']?['id']","threadType":"channel","body/recipient/groupId":"@triggerBody()?['entity']?['teamsFlowRunContext']?['channelData']?['team']?['aadGroupId']","body/recipient/channelId":"@triggerBody()?['entity/teamsFlowRunContext/ChannelData/Channel/Id']"},"authentication":{"value":"@json(decodeBase64(triggerOutputs().headers['X-MS-APIM-Tokens']))['$ConnectionKey']","type":"Raw"}}},"作成_-Card_JSON-":{"runAfter":{"メッセージ詳細を取得する":["Succeeded"]},"metadata":{"operationMetadataId":"2e83ef99-140c-4648-ac69-6c42edbd31df"},"type":"Compose","inputs":"@json(first(body('メッセージ詳細を取得する')?['attachments'])?['content'])"},"スイッチ":{"runAfter":{"項目の更新":["Succeeded"]},"cases":{"ケース":{"case":"完了","actions":{"チャットやチャネルのアダプティブ_カードを更新する":{"runAfter":{},"metadata":{"operationMetadataId":"38c740ae-5f2f-475b-ba28-dbf288376ec0"},"type":"OpenApiConnection","inputs":{"host":{"apiId":"/providers/Microsoft.PowerApps/apis/shared_teams","connectionName":"shared_teams","operationId":"UpdateCardInConversation"},"parameters":{"poster":"Flow bot","location":"Channel","body/messageId":"@triggerBody()?['entity']?['teamsFlowRunContext']?['messagePayload']?['id']","body/recipient/groupId":"@triggerBody()?['entity']?['teamsFlowRunContext']?['channelData']?['team']?['aadGroupId']","body/recipient/channelId":"@triggerBody()?['entity/teamsFlowRunContext/ChannelData/Channel/Id']","body/messageBody":"{\n    \"type\": \"AdaptiveCard\",\n    \"$schema\": \"http://adaptivecards.io/schemas/adaptive-card.json\",\n    \"version\": \"1.4\",\n    \"body\": [\n        {\n            \"type\": \"Container\",\n            \"items\": [\n                {\n                    \"type\": \"TextBlock\",\n                    \"text\": \"@{outputs('項目の更新')?['body/ID']}\",\n                    \"wrap\": true\n                }\n            ]\n        },\n        {\n            \"type\": \"Container\",\n            \"items\": [\n                {\n                    \"type\": \"TextBlock\",\n                    \"text\": \"@{outputs('ユーザー_プロフィールの取得_(V2)')?['body/displayName']}が対応しました！\",\n                    \"wrap\": true,\n                    \"weight\": \"Bolder\",\n                    \"size\": \"Large\"\n                }\n            ]\n        },\n        {\n            \"type\": \"Container\",\n            \"items\": [\n                {\n                    \"type\": \"ColumnSet\",\n                    \"columns\": [\n                        {\n                            \"type\": \"Column\",\n                            \"width\": \"stretch\",\n                            \"items\": [\n                                {\n                                    \"type\": \"TextBlock\",\n                                    \"text\": \"投稿者\",\n                                    \"wrap\": true\n                                }\n                            ]\n                        },\n                        {\n                            \"type\": \"Column\",\n                            \"width\": \"stretch\",\n                            \"items\": [\n                                {\n                                    \"type\": \"TextBlock\",\n                                    \"text\": \"@{outputs('項目の更新')?['body/Responder/DisplayName']}\",\n                                    \"wrap\": true\n                                }\n                            ]\n                        }\n                    ]\n                }\n            ]\n        },\n        {\n            \"type\": \"Container\",\n            \"items\": [\n                {\n                    \"type\": \"ColumnSet\",\n                    \"columns\": [\n                        {\n                            \"type\": \"Column\",\n                            \"width\": \"stretch\",\n                            \"items\": [\n                                {\n                                    \"type\": \"TextBlock\",\n                                    \"text\": \"分類\",\n                                    \"wrap\": true\n                                }\n                            ]\n                        },\n                        {\n                            \"type\": \"Column\",\n                            \"width\": \"stretch\",\n                            \"items\": [\n                                {\n                                    \"type\": \"TextBlock\",\n                                    \"text\": \"@{outputs('項目の更新')?['body/Category/Value']}\",\n                                    \"wrap\": true\n                                }\n                            ]\n                        }\n                    ]\n                }\n            ]\n        },\n        {\n            \"type\": \"ColumnSet\",\n            \"columns\": [\n                {\n                    \"type\": \"Column\",\n                    \"width\": \"stretch\",\n                    \"items\": [\n                        {\n                            \"type\": \"TextBlock\",\n                            \"text\": \"内容\",\n                            \"wrap\": true\n                        }\n                    ]\n                },\n                {\n                    \"type\": \"Column\",\n                    \"width\": \"stretch\",\n                    \"items\": [\n                        {\n                            \"type\": \"TextBlock\",\n                            \"text\": \"@{outputs('項目の更新')?['body/Text']}\",\n                            \"wrap\": true\n                        }\n                    ]\n                }\n            ]\n        }\n    ],\n    \"actions\": [\n        {\n            \"type\": \"Action.OpenUrl\",\n            \"title\": \"リストを開く\",\n            \"url\": \"@{outputs('項目の更新')?['body/{Link}']}\"\n        }\n    ]\n}"},"authentication":{"value":"@json(decodeBase64(triggerOutputs().headers['X-MS-APIM-Tokens']))['$ConnectionKey']","type":"Raw"}}}}}},"default":{"actions":{"作成_-プロフィール画像-":{"runAfter":{},"type":"Compose","inputs":"https://teams.microsoft.com/api/mt/emea/beta/users/@{outputs('ユーザー_プロフィールの取得_(V2)')?['body/userPrincipalName']}/profilepicturev2?displayname=@{encodeUriComponent(outputs('ユーザー_プロフィールの取得_(V2)')?['body/displayName'])}&voidCache=false"},"チャネル内でアダプティブ_カードを使用して返信する":{"runAfter":{"作成_-プロフィール画像-":["Succeeded"]},"type":"OpenApiConnection","inputs":{"host":{"apiId":"/providers/Microsoft.PowerApps/apis/shared_teams","connectionName":"shared_teams","operationId":"ReplyWithCardToConversation"},"parameters":{"poster":"Flow bot","location":"Channel","body/parentMessageId":"@triggerBody()?['entity']?['teamsFlowRunContext']?['messagePayload']?['id']","body/recipient/groupId":"@triggerBody()?['entity']?['teamsFlowRunContext']?['channelData']?['team']?['aadGroupId']","body/recipient/channelId":"@triggerBody()?['entity/teamsFlowRunContext/ChannelData/Channel/Id']","body/messageBody":"{\n    \"type\": \"AdaptiveCard\",\n    \"$schema\": \"http://adaptivecards.io/schemas/adaptive-card.json\",\n    \"version\": \"1.4\",\n    \"body\": [\n        {\n            \"type\": \"Container\",\n            \"items\": [\n                {\n                    \"type\": \"Image\",\n                    \"url\": \"@{outputs('作成_-プロフィール画像-')}\",\n                    \"style\": \"Person\"\n                }\n            ]\n        },\n        {\n            \"type\": \"TextBlock\",\n            \"text\": \"Statusが更新されました\",\n            \"wrap\": true,\n            \"weight\": \"Bolder\"\n        },\n        {\n            \"type\": \"TextBlock\",\n            \"text\": \"Status：@{triggerBody()?['entity']?['cardOutputs']?['choices']}\",\n            \"wrap\": true\n        }\n    ]\n}"},"authentication":{"value":"@json(decodeBase64(triggerOutputs().headers['X-MS-APIM-Tokens']))['$ConnectionKey']","type":"Raw"}}}}},"expression":"@triggerBody()?['entity']?['cardOutputs']?['choices']","metadata":{"operationMetadataId":"f0ca326b-31af-4445-bf1b-fd12ef21caf4"},"type":"Switch"},"作成":{"runAfter":{"作成_-Card_JSON-":["Succeeded"]},"metadata":{"operationMetadataId":"bc8d2891-a92b-4e55-a831-ba091f1ab849"},"type":"Compose","inputs":"@first(first(outputs('作成_-Card_JSON-')?['body'])?['items'])?['text']"},"項目の更新":{"runAfter":{"作成":["Succeeded"]},"metadata":{"operationMetadataId":"af196f86-4194-4af6-94dc-1523a5e1e276"},"type":"OpenApiConnection","inputs":{"host":{"apiId":"/providers/Microsoft.PowerApps/apis/shared_sharepointonline","connectionName":"shared_sharepointonline","operationId":"PatchItem"},"parameters":{"dataset":"https://v45dm.sharepoint.com/sites/msteams_cb18e4","table":"fc654c16-2663-4e84-b633-24a40691263b","id":"@outputs('作成')","item/Status/Value":"@triggerBody()?['entity']?['cardOutputs']?['choices']"},"authentication":{"value":"@json(decodeBase64(triggerOutputs().headers['X-MS-APIM-Tokens']))['$ConnectionKey']","type":"Raw"}}},"ユーザー_プロフィールの取得_(V2)":{"runAfter":{},"metadata":{"operationMetadataId":"3d7dadb8-9717-4707-acc9-8e394fa516d1"},"type":"OpenApiConnection","inputs":{"host":{"apiId":"/providers/Microsoft.PowerApps/apis/shared_office365users","connectionName":"shared_office365users","operationId":"UserProfile_V2"},"parameters":{"id":"@triggerBody()?['entity']?['teamsFlowRunContext']?['messagePayload']?['from']?['user']?['id']"},"authentication":{"value":"@json(decodeBase64(triggerOutputs().headers['X-MS-APIM-Tokens']))['$ConnectionKey']","type":"Raw"}}}},"outputs":{}},"connectionReferences":{"shared_teams":{"connectionName":"shared-teams-7b00b20f-d055-41d0-84f7-90746229e16d","source":"Invoker","id":"/providers/Microsoft.PowerApps/apis/shared_teams","tier":"NotSpecified"},"shared_sharepointonline":{"connectionName":"016b62027eaa4813bb97cccf803d401c","source":"Invoker","id":"/providers/Microsoft.PowerApps/apis/shared_sharepointonline","tier":"NotSpecified"},"shared_office365users":{"connectionName":"0362f4c3a0324647b8158c189b872a92","source":"Invoker","id":"/providers/Microsoft.PowerApps/apis/shared_office365users","tier":"NotSpecified"}},"flowFailureAlertSubscribed":false,"isManaged":false}}