{"name":"8cf82811-669a-4a26-94b9-11375fec0227","id":"/providers/Microsoft.Flow/flows/8cf82811-669a-4a26-94b9-11375fec0227","type":"Microsoft.Flow/flows","properties":{"apiId":"/providers/Microsoft.PowerApps/apis/shared_logicflows","displayName":"タケノコニョッキ・ニョッキ編","definition":{"metadata":{"workflowEntityId":null,"processAdvisorMetadata":null,"flowChargedByPaygo":null,"flowclientsuspensionreason":"None","flowclientsuspensiontime":null,"flowclientsuspensionreasondetails":null,"creator":{"id":"0f195880-2ade-44be-8e99-006ca1aa5155","type":"User","tenantId":"b794cd83-44cc-447c-856e-a27e55624c65"},"provisioningMethod":"FromDefinition","failureAlertSubscription":true,"clientLastModifiedTime":"2023-06-03T06:48:18.4473144Z"},"$schema":"https://schema.management.azure.com/providers/Microsoft.Logic/schemas/2016-06-01/workflowdefinition.json#","contentVersion":"1.0.0.0","parameters":{"$connections":{"defaultValue":{},"type":"Object"},"$authentication":{"defaultValue":{},"type":"SecureObject"}},"triggers":{"manual":{"splitOn":"@triggerBody()['rows']","metadata":{"operationMetadataId":"c9c8fd7e-2b38-4e4e-9891-095574ed95ce","flowSystemMetadata":{"swaggerOperationId":"TeamsCardTrigger","taskModuleWidth":null,"taskModuleHeight":null,"inputsAdaptiveCard":"{\n    \"type\": \"AdaptiveCard\",\n    \"$schema\": \"http://adaptivecards.io/schemas/adaptive-card.json\",\n    \"version\": \"1.4\",\n    \"actions\": [\n        {\n            \"type\": \"Action.Submit\",\n            \"title\": \"〇にょき！\",\n            \"data\": {\n                \"spoID\": 1\n            }\n        }\n    ],\n    \"body\": [\n        {\n            \"type\": \"TextBlock\",\n            \"text\": \"番号が重複しないように\\n\\nタイミングよくボタンを押そう！\",\n            \"wrap\": true\n        }\n    ]\n}"}},"type":"Request","kind":"ApiConnection","inputs":{"schema":{"type":"object","properties":{"rows":{"type":"array","items":{"type":"object","properties":{"entity":{"type":"object","properties":{"teamsFlowRunContext":{"type":"object","properties":{"conversation":{"type":"object","properties":{"id":{"title":"会話 ID","type":"string"}},"required":[]},"messagePayload":{"type":"object","properties":{"from":{"type":"object","properties":{"user":{"type":"object","properties":{"id":{"title":"反応したユーザーの ID","type":"string"}},"required":[]}},"required":[]}},"required":[]}}},"cardOutputs":{"title":"cardOutputs","type":"object"}},"required":["teamsFlowRunContext","cardOutputs"]}},"required":["entity"]}}},"required":["rows"]},"host":{"connection":{"name":"@parameters('$connections')['shared_teams']['connectionId']"},"api":{"runtimeUrl":"https://flow-apim-unitedstates-002-westus-01.azure-apim.net/apim/teams"}},"operationId":"TeamsCardTrigger","parameters":{"inputsAdaptiveCard":"{\n    \"type\": \"AdaptiveCard\",\n    \"$schema\": \"http://adaptivecards.io/schemas/adaptive-card.json\",\n    \"version\": \"1.4\",\n    \"actions\": [\n        {\n            \"type\": \"Action.Submit\",\n            \"title\": \"〇にょき！\",\n            \"data\": {\n                \"spoID\": 1\n            }\n        }\n    ],\n    \"body\": [\n        {\n            \"type\": \"TextBlock\",\n            \"text\": \"番号が重複しないように\\n\\nタイミングよくボタンを押そう！\",\n            \"wrap\": true\n        }\n    ]\n}","CardTypeId":"タケノコニョッキ"}}}},"actions":{"チャットまたはチャネルでメッセージを投稿する":{"runAfter":{"ユーザーの_@mention_トークンを取得する":["Succeeded"]},"metadata":{"operationMetadataId":"f2ee5c47-986b-4a5d-9637-29271e966536"},"type":"OpenApiConnection","inputs":{"host":{"apiId":"/providers/Microsoft.PowerApps/apis/shared_teams","connectionName":"shared_teams","operationId":"PostMessageToConversation"},"parameters":{"poster":"Flow bot","location":"Group chat","body/recipient":"@triggerBody()?['entity']?['teamsFlowRunContext']?['conversation']?['id']","body/messageBody":"<p>@{outputs('ユーザーの_@mention_トークンを取得する')?['body/atMention']}<br>\n@{outputs('項目の取得')?['body/int']}にょき！</p>"},"authentication":{"value":"@json(decodeBase64(triggerOutputs().headers['X-MS-APIM-Tokens']))['$ConnectionKey']","type":"Raw"}}},"ユーザーの_@mention_トークンを取得する":{"runAfter":{"項目の更新":["Succeeded"]},"metadata":{"operationMetadataId":"7368dd50-e6fb-42f2-91e2-a220e2e2e745"},"type":"OpenApiConnection","inputs":{"host":{"apiId":"/providers/Microsoft.PowerApps/apis/shared_teams","connectionName":"shared_teams","operationId":"AtMentionUser"},"parameters":{"userId":"@triggerBody()?['entity']?['teamsFlowRunContext']?['messagePayload']?['from']?['user']?['id']"},"authentication":{"value":"@json(decodeBase64(triggerOutputs().headers['X-MS-APIM-Tokens']))['$ConnectionKey']","type":"Raw"}}},"項目の取得":{"runAfter":{},"metadata":{"operationMetadataId":"cafec059-2499-43cb-852d-5e5b5981202b"},"type":"OpenApiConnection","inputs":{"host":{"apiId":"/providers/Microsoft.PowerApps/apis/shared_sharepointonline","connectionName":"shared_sharepointonline","operationId":"GetItem"},"parameters":{"dataset":"https://v45dm-my.sharepoint.com/personal/kyunmina_v45dm_onmicrosoft_com/","table":"ab9fcf61-23f0-4acf-9120-088f805ca290","id":"@triggerBody()?['entity/cardOutputs/spoID']"},"authentication":{"value":"@json(decodeBase64(triggerOutputs().headers['X-MS-APIM-Tokens']))['$ConnectionKey']","type":"Raw"}}},"項目の更新":{"runAfter":{"待ち時間":["Succeeded"]},"metadata":{"operationMetadataId":"0d47c7f1-4abd-49be-9030-353c0c733078"},"type":"OpenApiConnection","inputs":{"host":{"apiId":"/providers/Microsoft.PowerApps/apis/shared_sharepointonline","connectionName":"shared_sharepointonline","operationId":"PatchItem"},"parameters":{"dataset":"https://v45dm-my.sharepoint.com/personal/kyunmina_v45dm_onmicrosoft_com/","table":"ab9fcf61-23f0-4acf-9120-088f805ca290","id":"@triggerBody()?['entity/cardOutputs/spoID']","item/Title":"@outputs('項目の取得')?['body/Title']","item/int":"@add(outputs('項目の取得')?['body/int'],1)"},"authentication":{"value":"@json(decodeBase64(triggerOutputs().headers['X-MS-APIM-Tokens']))['$ConnectionKey']","type":"Raw"}}},"待ち時間":{"runAfter":{"項目の取得":["Succeeded"]},"metadata":{"operationMetadataId":"fdd84cbb-d3e3-4416-be7c-1a9a789b7fc6"},"type":"Wait","inputs":{"interval":{"count":5,"unit":"Second"}}}}},"connectionReferences":{"shared_teams":{"connectionName":"shared-teams-7b00b20f-d055-41d0-84f7-90746229e16d","source":"Invoker","id":"/providers/Microsoft.PowerApps/apis/shared_teams","tier":"NotSpecified"},"shared_sharepointonline":{"connectionName":"016b62027eaa4813bb97cccf803d401c","source":"Invoker","id":"/providers/Microsoft.PowerApps/apis/shared_sharepointonline","tier":"NotSpecified"}},"flowFailureAlertSubscribed":false,"isManaged":false}}