{"name":"10184db7-73e5-48a9-ac1b-1123979fd65e","id":"/providers/Microsoft.Flow/flows/10184db7-73e5-48a9-ac1b-1123979fd65e","type":"Microsoft.Flow/flows","properties":{"apiId":"/providers/Microsoft.PowerApps/apis/shared_logicflows","displayName":"並び替えクイズの採点","definition":{"metadata":{"workflowEntityId":null,"processAdvisorMetadata":null,"flowclientsuspensionreason":"None","flowclientsuspensiontime":null,"flowclientsuspensionreasondetails":null,"creator":{"id":"0f195880-2ade-44be-8e99-006ca1aa5155","type":"User","tenantId":"b794cd83-44cc-447c-856e-a27e55624c65"},"provisioningMethod":"FromDefinition","failureAlertSubscription":true,"clientLastModifiedTime":"2023-02-18T13:55:34.9730512Z"},"$schema":"https://schema.management.azure.com/providers/Microsoft.Logic/schemas/2016-06-01/workflowdefinition.json#","contentVersion":"1.0.0.0","parameters":{"$connections":{"defaultValue":{},"type":"Object"},"$authentication":{"defaultValue":{},"type":"SecureObject"}},"triggers":{"新しい応答が送信されるとき":{"splitOn":"@triggerOutputs()?['body/value']","metadata":{"operationMetadataId":"b324d859-980c-4ad2-a96c-6e8f532a8875"},"type":"OpenApiConnectionWebhook","inputs":{"host":{"apiId":"/providers/Microsoft.PowerApps/apis/shared_microsoftforms","connectionName":"shared_microsoftforms","operationId":"CreateFormWebhook"},"parameters":{"form_id":"g82Ut8xEfESFbqJ-VWJMZYBYGQ_eKr5EjpkAbKGqUVVURVdUTDhDTEpTMUZBVTY1QVlWSElXUEI4Ty4u"},"authentication":"@parameters('$authentication')"}}},"actions":{"応答の詳細を取得する":{"runAfter":{},"metadata":{"operationMetadataId":"fcd9437e-54aa-455f-bbd4-caf11e2a58c9"},"type":"OpenApiConnection","inputs":{"host":{"apiId":"/providers/Microsoft.PowerApps/apis/shared_microsoftforms","connectionName":"shared_microsoftforms","operationId":"GetFormResponseById"},"parameters":{"form_id":"g82Ut8xEfESFbqJ-VWJMZYBYGQ_eKr5EjpkAbKGqUVVURVdUTDhDTEpTMUZBVTY1QVlWSElXUEI4Ty4u","response_id":"@triggerOutputs()?['body/resourceData/responseId']"},"authentication":"@parameters('$authentication')"}},"変数を初期化する-得点-":{"runAfter":{"変数を初期化する-カウンタ-":["Succeeded"]},"metadata":{"operationMetadataId":"d3724418-1fe9-4e83-8899-6d4c88172d4b"},"type":"InitializeVariable","inputs":{"variables":[{"name":"得点","type":"integer","value":0}]}},"変数を初期化する-メッセージ-":{"runAfter":{"変数を初期化する-得点-":["Succeeded"]},"metadata":{"operationMetadataId":"a9132c05-4995-45a8-824c-ad3ec2697d6d"},"type":"InitializeVariable","inputs":{"variables":[{"name":"メッセージ","type":"string"}]}},"ユーザー_プロフィールの取得_(V2)":{"runAfter":{"応答の詳細を取得する":["Succeeded"]},"metadata":{"operationMetadataId":"a01094cd-c430-41f4-a141-509dd15ea92d"},"type":"OpenApiConnection","inputs":{"host":{"apiId":"/providers/Microsoft.PowerApps/apis/shared_office365users","connectionName":"shared_office365users","operationId":"UserProfile_V2"},"parameters":{"id":"@outputs('応答の詳細を取得する')?['body/responder']"},"authentication":"@parameters('$authentication')"}},"変数を初期化する-回答-":{"runAfter":{"変数を初期化する-正解-":["Succeeded"]},"metadata":{"operationMetadataId":"daeeaba8-a337-4578-b4bf-7f079ce196e8"},"type":"InitializeVariable","inputs":{"variables":[{"name":"回答","type":"array","value":"@split(outputs('応答の詳細を取得する')?['body/rf27e9f905cff49fba26f48931077c132'],',')"}]}},"変数を初期化する-正解-":{"runAfter":{"変数を初期化する-メッセージ-":["Succeeded"]},"metadata":{"operationMetadataId":"c8c70e52-a210-406c-92aa-5c2610971cbc"},"type":"InitializeVariable","inputs":{"variables":[{"name":"正解","type":"array","value":["キロ kilo "," メガ mega"," ギガ giga"," テラ tera"," ペタ peta"," エクサ exa"," ゼタ zetta"," ヨタ yotta"," ロナ ronna"," クエタ quetta"]}]}},"変数を初期化する-カウンタ-":{"runAfter":{"ユーザー_プロフィールの取得_(V2)":["Succeeded"]},"metadata":{"operationMetadataId":"d0982107-8aa5-4015-94a3-5526c3f347e6"},"type":"InitializeVariable","inputs":{"variables":[{"name":"カウンタ","type":"integer","value":0}]}},"Do_until":{"actions":{"回答(i)":{"runAfter":{},"metadata":{"operationMetadataId":"075c6ab2-68de-4df3-9f9a-4f640d1c492f"},"type":"Compose","inputs":"@variables('回答')?[variables('カウンタ')]"},"正解(i)":{"runAfter":{"回答(i)":["Succeeded"]},"metadata":{"operationMetadataId":"50532225-22d2-4ce6-abb0-6818a6d3e0ee"},"type":"Compose","inputs":"@variables('正解')?[variables('カウンタ')]"},"条件":{"actions":{"変数の値を増やす":{"runAfter":{},"metadata":{"operationMetadataId":"801c9150-0924-4f6a-a85a-05ea98373634"},"type":"IncrementVariable","inputs":{"name":"得点","value":1}},"文字列変数に追加-正解をマーク-":{"runAfter":{"変数の値を増やす":["Succeeded"]},"metadata":{"operationMetadataId":"d2852133-77d0-4b3b-aeb1-cf5191039870"},"type":"AppendToStringVariable","inputs":{"name":"メッセージ","value":"<br>⭕ @{outputs('回答(i)')}"}}},"runAfter":{"正解(i)":["Succeeded"]},"else":{"actions":{"文字列変数に追加-不正解をマーク-":{"runAfter":{},"metadata":{"operationMetadataId":"6f45efdf-f4a4-46f1-bafa-097af7112518"},"type":"AppendToStringVariable","inputs":{"name":"メッセージ","value":"<br>❌ @{outputs('回答(i)')}"}}}},"expression":{"equals":["@outputs('正解(i)')","@outputs('回答(i)')"]},"metadata":{"operationMetadataId":"bc46ee29-119c-4346-b460-867253385232"},"type":"If"},"変数の値を増やす_Next_i":{"runAfter":{"条件":["Succeeded"]},"metadata":{"operationMetadataId":"def91f67-cceb-4831-b8f5-af04a736a30a"},"type":"IncrementVariable","inputs":{"name":"カウンタ","value":1}}},"runAfter":{"変数を初期化する-回答-":["Succeeded"]},"expression":"@equals(variables('カウンタ'), length(variables('正解')))","limit":{"count":60,"timeout":"PT1H"},"metadata":{"operationMetadataId":"0d6254f8-986a-4c5f-b7d4-63cf76907ce8"},"type":"Until"},"チャットまたはチャネルでメッセージを投稿する":{"runAfter":{"作成":["Succeeded"]},"metadata":{"operationMetadataId":"fd4d52ce-20be-49ff-bc86-77d9b6242eed"},"type":"OpenApiConnection","inputs":{"host":{"apiId":"/providers/Microsoft.PowerApps/apis/shared_teams","connectionName":"shared_teams","operationId":"PostMessageToConversation"},"parameters":{"poster":"Flow bot","location":"Chat with Flow bot","body/recipient":"@{outputs('ユーザー_プロフィールの取得_(V2)')?['body/mail']};","body/messageBody":"<p>@{outputs('作成')}</p>"},"authentication":"@parameters('$authentication')"}},"作成":{"runAfter":{"Do_until":["Succeeded"]},"metadata":{"operationMetadataId":"e01b4c49-48e6-4a3f-9009-f55119a56174"},"type":"Compose","inputs":"クイズの採点結果です<br>\n<br>\n@{outputs('ユーザー_プロフィールの取得_(V2)')?['body/displayName']}さんの点数は@{variables('得点')}/@{length(variables('正解'))}でした！<br>\n<br>\n@{variables('メッセージ')}"}}},"connectionReferences":{"shared_microsoftforms":{"connectionName":"shared-microsoftform-4a9c409f-1ae7-450a-9cc5-e89ce4a4abec","source":"Embedded","id":"/providers/Microsoft.PowerApps/apis/shared_microsoftforms","tier":"NotSpecified"},"shared_office365users":{"connectionName":"0362f4c3a0324647b8158c189b872a92","source":"Embedded","id":"/providers/Microsoft.PowerApps/apis/shared_office365users","tier":"NotSpecified"},"shared_teams":{"connectionName":"shared-teams-7b00b20f-d055-41d0-84f7-90746229e16d","source":"Embedded","id":"/providers/Microsoft.PowerApps/apis/shared_teams","tier":"NotSpecified"}},"flowFailureAlertSubscribed":false,"isManaged":false}}